品种代码,品种名称,纳入日期
300917,特发服务,2025-08-11
002543,万和电气,2025-08-11
688660,电气风电,2025-08-11
002073,软控股份,2025-06-16
002019,亿帆医药,2025-06-16
300276,三丰智能,2025-06-16
002368,太极股份,2025-06-16
002690,美亚光电,2025-06-16
002408,齐翔腾达,2025-06-16
300184,力源信息,2025-06-16
001339,智微智能,2025-06-16
002979,雷赛智能,2025-06-16
002947,恒铭达,2025-06-16
002338,奥普光电,2025-06-16
002268,电科网安,2025-06-16
002093,国脉科技,2025-06-16
300008,天海防务,2025-06-16
002557,洽洽食品,2025-06-16
300401,花园生物,2025-06-16
002487,大金重工,2025-06-16
002779,中坚科技,2025-06-16
001203,大中矿业,2025-06-16
002531,天顺风能,2025-06-16
300100,双林股份,2025-06-16
002045,国光电器,2025-06-16
002149,西部材料,2025-06-16
000612,焦作万方,2025-06-16
300493,润欣科技,2025-06-16
001227,兰州银行,2025-06-16
002867,周大生,2025-06-16
001356,富岭股份,2025-06-16
002611,东方精工,2025-06-16
002892,科力尔,2025-06-16
000544,中原环保,2025-06-16
002897,意华股份,2025-06-16
002791,坚朗五金,2025-06-16
300009,安科生物,2025-06-16
002881,美格智能,2025-06-16
300468,四方精创,2025-06-16
300337,银邦股份,2025-06-16
002093,国脉科技,2025-06-16
603508,思维列控,2025-06-16
603119,浙江荣泰,2025-06-16
300100,双林股份,2025-06-16
600129,太极集团,2025-06-16
002881,美格智能,2025-06-16
300718,长盛轴承,2025-06-16
300337,银邦股份,2025-06-16
001203,大中矿业,2025-06-16
603395,红四方,2025-06-16
002149,西部材料,2025-06-16
300548,博创科技,2025-06-16
301091,深城交,2025-06-16
300401,花园生物,2025-06-16
002487,大金重工,2025-06-16
301631,壹连科技,2025-06-16
603360,百傲化学,2025-06-16
002019,亿帆医药,2025-06-16
603516,淳中科技,2025-06-16
600789,鲁抗医药,2025-06-16
002268,电科网安,2025-06-16
301061,匠心家居,2025-06-16
300009,安科生物,2025-06-16
002338,奥普光电,2025-06-16
301458,钧崴电子,2025-06-16
603127,昭衍新药,2025-06-16
603456,九洲药业,2025-06-16
301592,六九一二,2025-06-16
002779,中坚科技,2025-06-16
300953,震裕科技,2025-06-16
001227,兰州银行,2025-06-16
002690,美亚光电,2025-06-16
300102,乾照光电,2025-06-16
002892,科力尔,2025-06-16
603072,天和磁材,2025-06-16
600975,新五丰,2025-06-16
301600,慧翰股份,2025-06-16
600746,江苏索普,2025-06-16
002368,太极股份,2025-06-16
300870,欧陆通,2025-06-16
603516,淳中科技,2025-06-16
001339,智微智能,2025-06-16
688276,百克生物,2025-06-16
603508,思维列控,2025-06-16
688252,天德钰,2025-06-16
001356,富岭股份,2025-06-16
002045,国光电器,2025-06-16
605555,德昌股份,2025-06-16
002149,西部材料,2025-06-16
001227,兰州银行,2025-06-16
000544,中原环保,2025-06-16
002338,奥普光电,2025-06-16
300276,三丰智能,2025-06-16
301556,托普云农,2025-06-16
002019,亿帆医药,2025-06-16
301109,军信股份,2025-06-16
688331,荣昌生物,2025-06-16
301551,无线传媒,2025-06-16
603119,浙江荣泰,2025-06-16
688536,思瑞浦,2025-06-16
300009,安科生物,2025-06-16
301091,深城交,2025-06-16
300468,四方精创,2025-06-16
301215,中汽股份,2025-05-12
301377,鼎泰高科,2025-05-12
000589,贵州轮胎,2025-05-12
603227,雪峰科技,2025-05-12
601089,福元医药,2025-05-12
301004,嘉益股份,2025-04-14
300360,炬华科技,2025-03-17
002716,湖南白银,2024-12-16
300438,鹏辉能源,2024-12-16
002833,弘亚数控,2024-12-16
002936,郑州银行,2024-12-16
300357,我武生物,2024-12-16
002518,科士达,2024-12-16
002755,奥赛康,2024-12-16
300088,长信科技,2024-12-16
300181,佐力药业,2024-12-16
300253,卫宁健康,2024-12-16
300296,利亚德,2024-12-16
300438,鹏辉能源,2024-12-16
300580,贝斯特,2024-12-16
600020,中原高速,2024-12-16
002833,弘亚数控,2024-12-16
300776,帝尔激光,2024-12-16
301297,富乐德,2024-12-16
300568,星源材质,2024-12-16
600664,哈药股份,2024-12-16
600548,深高速,2024-12-16
600094,大名城,2024-12-16
300492,华图山鼎,2024-12-16
300779,惠城环保,2024-12-16
002716,湖南白银,2024-12-16
300641,正丹股份,2024-12-16
300913,兆龙互连,2024-12-16
301606,绿联科技,2024-12-16
300357,我武生物,2024-12-16
300926,博俊科技,2024-12-16
301029,怡合达,2024-12-16
300181,佐力药业,2024-12-16
300861,美畅股份,2024-12-16
600987,航民股份,2024-12-16
603218,日月股份,2024-12-16
601500,通用股份,2024-12-16
601020,华钰矿业,2024-12-16
603219,富佳股份,2024-12-16
603317,天味食品,2024-12-16
603305,旭升集团,2024-12-16
601900,南方传媒,2024-12-16
600827,百联股份,2024-12-16
600114,东睦股份,2024-12-16
601827,三峰环境,2024-12-16
603337,杰克股份,2024-12-16
600759,洲际油气,2024-12-16
600967,内蒙一机,2024-12-16
600866,星湖科技,2024-12-16
600133,东湖高新,2024-12-16
600894,广日股份,2024-12-16
301508,中机认检,2024-12-16
688150,莱特光电,2024-12-16
600133,东湖高新,2024-12-16
603317,天味食品,2024-12-16
688006,杭可科技,2024-12-16
601900,南方传媒,2024-12-16
600827,百联股份,2024-12-16
688029,南微医学,2024-12-16
301029,怡合达,2024-12-16
301297,富乐德,2024-12-16
300926,博俊科技,2024-12-16
300580,贝斯特,2024-12-16
300861,美畅股份,2024-12-16
300357,我武生物,2024-12-16
300913,兆龙互连,2024-12-16
000089,深圳机场,2024-12-16
000156,华数传媒,2024-12-16
002326,永太科技,2024-12-16
000620,新华联,2024-12-16
000899,赣能股份,2024-12-16
002327,富安娜,2024-12-16
002399,海普瑞,2024-12-16
002654,万润科技,2024-12-16
002668,TCL智家,2024-12-16
002506,协鑫集成,2024-12-16
002588,史丹利,2024-12-16
002497,雅化集团,2024-12-16
002518,科士达,2024-12-16
002716,湖南白银,2024-12-16
002833,弘亚数控,2024-12-16
000680,山推股份,2024-12-16
300088,长信科技,2024-12-16
000930,中粮科技,2024-12-16
300253,卫宁健康,2024-12-16
002936,郑州银行,2024-12-16
300296,利亚德,2024-12-16
300181,佐力药业,2024-12-16
603662,柯力传感,2024-12-16
300568,星源材质,2024-12-16
605368,蓝天燃气,2024-12-16
688348,昱能科技,2024-12-16
603355,莱克电气,2024-12-16
002654,万润科技,2024-12-16
605296,神农集团,2024-12-16
605577,龙版传媒,2024-12-16
688029,南微医学,2024-12-16
301500,飞南资源,2024-09-18
688300,联瑞新材,2024-08-26
688332,中科蓝讯,2024-08-07
688690,纳微科技,2024-06-17
300570,太辰光,2024-06-17
688432,有研硅,2024-06-17
688362,甬矽电子,2024-06-17
688336,三生国健,2024-06-17
688502,茂莱光学,2024-06-17
688503,聚和材料,2024-06-17
688484,南芯科技,2024-06-17
688515,裕太微,2024-06-17
688658,悦康药业,2024-06-17
688279,峰�G科技,2024-06-17
001914,招商积余,2024-06-17
002154,报喜鸟,2024-06-17
002075,沙钢股份,2024-06-17
002010,传化智联,2024-06-17
002315,焦点科技,2024-06-17
002192,融捷股份,2024-06-17
002925,盈趣科技,2024-06-17
002761,浙江建投,2024-06-17
002270,华明装备,2024-06-17
300045,华力创通,2024-06-17
300049,福瑞股份,2024-06-17
300257,开山股份,2024-06-17
300244,迪安诊断,2024-06-17
300129,泰胜风能,2024-06-17
300026,红日药业,2024-06-17
300576,容大感光,2024-06-17
300363,博腾股份,2024-06-17
300660,江苏雷利,2024-06-17
300678,中科信息,2024-06-17
300446,航天智造,2024-06-17
688498,源杰科技,2024-06-17
301526,国际复材,2024-06-17
301511,德福科技,2024-06-17
301487,盟固利,2024-06-17
600461,洪城环境,2024-06-17
600301,华锡有色,2024-06-17
600033,福建高速,2024-06-17
600509,天富能源,2024-06-17
600961,株冶集团,2024-06-17
600597,光明乳业,2024-06-17
600269,赣粤高速,2024-06-17
300850,新强联,2024-06-17
300049,福瑞股份,2024-06-17
300026,红日药业,2024-06-17
601083,锦江航运,2024-06-17
601187,厦门银行,2024-06-17
601107,四川成渝,2024-06-17
601096,宏盛华源,2024-06-17
601033,永兴股份,2024-06-17
603039,泛微网络,2024-06-17
603026,胜华新材,2024-06-17
601595,上海电影,2024-06-17
603220,中贝通信,2024-06-17
603327,福蓉科技,2024-06-17
603283,赛腾股份,2024-06-17
603267,鸿远电子,2024-06-17
601778,晶科科技,2024-06-17
601038,一拖股份,2024-06-17
603866,桃李面包,2024-06-17
603383,顶点软件,2024-06-17
605011,杭州热电,2024-06-17
688105,诺唯赞,2024-06-17
688062,迈威生物,2024-06-17
605599,菜百股份,2024-06-17
603358,华达科技,2024-06-17
688147,微导纳米,2024-06-17
688146,中船特气,2024-06-17
688141,杰华特,2024-06-17
688362,甬矽电子,2024-06-17
688484,南芯科技,2024-06-17
688503,聚和材料,2024-06-17
603283,赛腾股份,2024-06-17
688352,颀中科技,2024-06-17
688432,有研硅,2024-06-17
688484,南芯科技,2024-06-17
688433,华曙高科,2024-06-17
688362,甬矽电子,2024-06-17
688343,云天励飞,2024-06-17
688515,裕太微,2024-06-17
688503,聚和材料,2024-06-17
688498,源杰科技,2024-06-17
688690,纳微科技,2024-06-17
688658,悦康药业,2024-06-17
688502,茂莱光学,2024-06-17
688336,三生国健,2024-06-17
603267,鸿远电子,2024-06-17
300415,伊之密,2024-05-13
600651,飞乐音响,2024-05-13
688192,迪哲医药,2023-12-11
688185,康希诺,2023-12-11
600861,北京人力,2023-12-11
601869,长飞光纤,2023-12-11
688327,云从科技,2023-12-11
688439,振华风光,2023-12-11
601163,三角轮胎,2023-12-11
601326,秦港股份,2023-12-11
603699,纽威股份,2023-12-11
603083,剑桥科技,2023-12-11
688372,伟测科技,2023-12-11
688380,中微半导,2023-12-11
688630,芯��微装,2023-12-11
688322,奥比中光,2023-12-11
600976,健民集团,2023-12-11
601969,海南矿业,2023-12-11
688097,博众精工,2023-12-11
688351,微电生理,2023-12-11
688116,天奈科技,2023-12-11
688409,富创精密,2023-12-11
688403,汇成股份,2023-12-11
688596,正帆科技,2023-12-11
688400,凌云光,2023-12-11
600195,中牧股份,2023-12-11
600259,广晟有色,2023-12-11
600409,三友化工,2023-12-11
600475,华光环能,2023-12-11
600507,方大特钢,2023-12-11
600556,天下秀,2023-12-11
600595,中孚实业,2023-12-11
600601,方正科技,2023-12-11
600623,华谊集团,2023-12-11
600667,太极实业,2023-12-11
600718,东软集团,2023-12-11
600728,佳都科技,2023-12-11
600780,通宝能源,2023-12-11
600782,新钢股份,2023-12-11
600861,北京人力,2023-12-11
600976,健民集团,2023-12-11
601326,秦港股份,2023-12-11
601718,际华集团,2023-12-11
601811,新华文轩,2023-12-11
601869,长飞光纤,2023-12-11
601969,海南矿业,2023-12-11
603083,剑桥科技,2023-12-11
603162,海通发展,2023-12-11
603638,艾迪精密,2023-12-11
603699,纽威股份,2023-12-11
688097,博众精工,2023-12-11
688116,天奈科技,2023-12-11
688185,康希诺,2023-12-11
688192,迪哲医药,2023-12-11
688289,圣湘生物,2023-12-11
688322,奥比中光,2023-12-11
688327,云从科技,2023-12-11
688351,微电生理,2023-12-11
688372,伟测科技,2023-12-11
688380,中微半导,2023-12-11
688400,凌云光,2023-12-11
688403,汇成股份,2023-12-11
688409,富创精密,2023-12-11
688439,振华风光,2023-12-11
688596,正帆科技,2023-12-11
603162,海通发展,2023-12-11
603638,艾迪精密,2023-12-11
603699,纽威股份,2023-12-11
688097,博众精工,2023-12-11
688116,天奈科技,2023-12-11
688185,康希诺,2023-12-11
688192,迪哲医药,2023-12-11
688289,圣湘生物,2023-12-11
688322,奥比中光,2023-12-11
688327,云从科技,2023-12-11
688351,微电生理,2023-12-11
688372,伟测科技,2023-12-11
688380,中微半导,2023-12-11
688400,凌云光,2023-12-11
688403,汇成股份,2023-12-11
688409,富创精密,2023-12-11
688439,振华风光,2023-12-11
688596,正帆科技,2023-12-11
688630,芯��微装,2023-12-11
688209,英集芯,2023-07-17
002948,青岛银行,2023-06-12
002840,华统股份,2023-06-12
002583,海能达,2023-06-12
002434,万里扬,2023-06-12
002416,爱施德,2023-06-12
002396,星网锐捷,2023-06-12
002212,天融信,2023-06-12
002125,湘潭电化,2023-06-12
002101,广东鸿图,2023-06-12
002068,黑猫股份,2023-06-12
002060,粤水电,2023-06-12
002053,云南能投,2023-06-12
002048,宁波华翔,2023-06-12
001301,尚太科技,2023-06-12
001236,弘业期货,2023-06-12
000990,诚志股份,2023-06-12
000821,京山轻机,2023-06-12
000756,新华制药,2023-06-12
000686,东北证券,2023-06-12
000552,甘肃能化,2023-06-12
600787,中储股份,2023-06-12
600648,外高桥,2023-06-12
600633,浙数文化,2023-06-12
600216,浙江医药,2023-06-12
600201,生物股份,2023-06-12
600006,东风汽车,2023-06-12
301363,美好医疗,2023-06-12
301327,华宝新能,2023-06-12
301316,慧博云通,2023-06-12
301239,普瑞眼科,2023-06-12
301171,易点天下,2023-06-12
301095,广立微,2023-06-12
300820,英杰电气,2023-06-12
300811,铂科新材,2023-06-12
300693,盛弘股份,2023-06-12
300463,迈克生物,2023-06-12
300416,苏试试验,2023-06-12
300260,新莱应材,2023-06-12
002948,青岛银行,2023-06-12
002701,奥瑞金,2023-06-12
002583,海能达,2023-06-12
002434,万里扬,2023-06-12
002416,爱施德,2023-06-12
002396,星网锐捷,2023-06-12
002242,九阳股份,2023-06-12
002219,新里程,2023-06-12
002212,天融信,2023-06-12
002125,湘潭电化,2023-06-12
002101,广东鸿图,2023-06-12
002068,黑猫股份,2023-06-12
002060,粤水电,2023-06-12
002053,云南能投,2023-06-12
002048,宁波华翔,2023-06-12
001301,尚太科技,2023-06-12
001236,弘业期货,2023-06-12
000990,诚志股份,2023-06-12
000821,京山轻机,2023-06-12
000756,新华制药,2023-06-12
000686,东北证券,2023-06-12
000552,甘肃能化,2023-06-12
001236,弘业期货,2023-06-12
000990,诚志股份,2023-06-12
000821,京山轻机,2023-06-12
000756,新华制药,2023-06-12
000686,东北证券,2023-06-12
000552,甘肃能化,2023-06-12
000029,深深房A,2023-06-12
600120,浙江东方,2022-12-12
301175,中科环保,2022-12-12
601068,中铝国际,2022-12-12
001308,康冠科技,2022-12-12
601975,招商南油,2022-12-12
688131,皓元医药,2022-12-12
301207,华兰疫苗,2022-12-12
001258,立新能源,2022-12-12
002051,中工国际,2022-12-12
600446,金证股份,2022-12-12
002004,华邦健康,2022-12-12
688739,成大生物,2022-12-12
000028,国药一致,2022-12-12
603297,永新光学,2022-12-12
688556,高测股份,2022-12-12
002317,众生药业,2022-12-12
600478,科力远,2022-12-12
600717,天津港,2022-12-12
002390,信邦制药,2022-12-12
002815,崇达技术,2022-12-12
600835,上海机电,2022-12-12
603300,华铁应急,2022-12-12
603132,金徽股份,2022-12-12
002174,游族网络,2022-12-12
688575,亚辉龙,2022-12-12
300166,东方国信,2022-12-12
688700,东威科技,2022-12-12
002003,伟星股份,2022-12-12
301268,铭利达,2022-12-12
002006,精功科技,2022-12-12
601860,紫金银行,2022-12-12
600403,大有能源,2022-12-12
002946,新乳业,2022-12-12
002302,西部建设,2022-12-12
688789,宏华数科,2022-12-12
002011,盾安环境,2022-12-12
300687,赛意信息,2022-12-12
600572,康恩贝,2022-12-12
002233,塔牌集团,2022-12-12
688798,艾为电子,2022-12-12
600508,上海能源,2022-12-12
688559,海目星,2022-12-12
000737,北方铜业,2022-12-12
301219,腾远钴业,2022-12-12
603197,保隆科技,2022-12-12
600037,歌华有线,2022-12-12
600058,五矿发展,2022-12-12
688776,国光电气,2022-12-12
000718,苏宁环球,2022-12-12
000685,中山公用,2022-12-12
601200,上海环境,2022-12-12
001323,慕思股份,2022-12-12
688639,华恒生物,2022-12-12
002051,中工国际,2022-12-12
600717,天津港,2022-12-12
002390,信邦制药,2022-12-12
001308,康冠科技,2022-12-12
000422,湖北宜化,2022-06-13
600675,中华企业,2022-06-13
688128,中国电研,2022-06-13
688686,奥普特,2022-06-13
300772,运达股份,2022-06-13
688083,中望软件,2022-06-13
600888,新疆众和,2022-06-13
000681,视觉中国,2022-06-13
600869,远东股份,2022-06-13
601702,华峰铝业,2022-06-13
603306,华懋科技,2022-06-13
600821,金开新能,2022-06-13
300133,华策影视,2022-06-13
600908,无锡银行,2022-06-13
301047,义翘神州,2022-06-13
300443,金雷股份,2022-06-13
300077,国民技术,2022-06-13
600649,城投控股,2022-06-13
605507,国邦医药,2022-06-13
003021,兆威机电,2022-06-13
301155,海力风电,2022-06-13
301050,雷电微力,2022-06-13
605123,派克新材,2022-06-13
301078,孩子王,2022-06-13
000758,中色股份,2022-06-13
301069,凯盛新材,2022-06-13
600266,城建发展,2022-06-13
600657,信达地产,2022-06-13
002405,四维图新,2022-06-13
603505,金石资源,2022-06-13
688696,极米科技,2022-06-13
603055,台华新材,2022-06-13
301071,力量钻石,2022-06-13
300459,汤姆猫,2022-06-13
002038,双鹭药业,2022-06-13
600163,中闽能源,2022-06-13
300827,上能电气,2022-06-13
000422,湖北宜化,2022-06-13
600675,中华企业,2022-06-13
688128,中国电研,2022-06-13
688686,奥普特,2022-06-13
300772,运达股份,2022-06-13
688083,中望软件,2022-06-13
600888,新疆众和,2022-06-13
000681,视觉中国,2022-06-13
600869,远东股份,2022-06-13
601702,华峰铝业,2022-06-13
603306,华懋科技,2022-06-13
600821,金开新能,2022-06-13
300133,华策影视,2022-06-13
600908,无锡银行,2022-06-13
301047,义翘神州,2022-06-13
300443,金雷股份,2022-06-13
603567,珍宝岛,2022-06-13
601528,瑞丰银行,2021-12-13
000048,京基智农,2021-12-13
000813,德展健康,2021-12-13
600179,安通控股,2021-12-13
601279,英利汽车,2021-12-13
601963,重庆银行,2021-12-13
300180,华峰超纤,2021-12-13
301031,中熔电气,2021-12-13
600273,嘉化能源,2021-12-13
002635,安洁科技,2021-12-13
301039,中集车辆,2021-12-13
688050,爱博医疗,2021-12-13
600248,陕西建工,2021-12-13
601015,陕西黑猫,2021-12-13
000061,农产品,2021-12-13
002534,杭锅股份,2021-12-13
002456,欧菲光,2021-12-13
000761,本钢板材,2021-12-13
000860,顺鑫农业,2021-12-13
002176,江特电机,2021-12-13
002839,张家港行,2021-12-13
601777,力帆科技,2021-12-13
600586,金晶科技,2021-12-13
000727,冠捷科技,2021-12-13
000762,西藏矿业,2021-12-13
688586,江航装备,2021-12-13
000966,长源电力,2021-12-13
688408,中信博,2021-12-13
601208,东材科技,2021-12-13
603033,三维股份,2021-12-13
600877,电能股份,2021-12-13
688127,蓝特光学,2021-12-13
688106,金宏气体,2021-12-13
605090,九丰能源,2021-12-13
301015,百洋医药,2021-12-13
300432,富临精工,2021-12-13
002612,朗姿股份,2021-12-13
003039,顺控发展,2021-12-13
603171,税友股份,2021-12-13
300027,华谊兄弟,2021-12-13
601528,瑞丰银行,2021-12-13
000048,京基智农,2021-12-13
000048,京基智农,2021-12-13
300035,中科电气,2021-12-13
600428,中远海特,2021-09-13
603328,依顿电子,2021-06-15
603229,奥翔药业,2021-06-15
603877,太平鸟,2021-06-15
605009,豪悦护理,2021-06-15
605111,新洁能,2021-06-15
688389,普门科技,2021-06-15
605376,博迁新材,2021-06-15
688037,芯源微,2021-06-15
688166,博瑞医药,2021-06-15
688266,泽�Z制药,2021-06-15
688333,铂力特,2021-06-15
002993,奥海科技,2021-06-15
003006,百亚股份,2021-06-15
003009,中天火箭,2021-06-15
003012,东鹏控股,2021-06-15
300087,荃银高科,2021-06-15
300134,大富科技,2021-06-15
300151,昌红科技,2021-06-15
300470,中密控股,2021-06-15
300910,瑞丰新材,2021-06-15
600017,日照港,2021-06-15
600073,上海梅林,2021-06-15
600100,同方股份,2021-06-15
600151,航天机电,2021-06-15
600320,振华重工,2021-06-15
600338,西藏珠峰,2021-06-15
600575,淮河能源,2021-06-15
600682,南京新百,2021-06-15
002941,新疆交建,2021-06-15
002891,中宠股份,2021-06-15
002807,江阴银行,2021-06-15
002544,杰赛科技,2021-06-15
000927,中国铁物,2021-06-15
000767,晋控电力,2021-06-15
000712,锦龙股份,2021-06-15
000600,建投能源,2021-06-15
603025,大豪科技,2020-12-14
600125,铁龙物流,2020-12-14
002163,海南发展,2020-12-14
600751,海航科技,2020-12-14
605222,起帆电缆,2020-12-14
300821,东岳硅材,2020-12-14
600335,国机汽车,2020-12-14
688139,海尔生物,2020-12-14
000025,特力A,2020-12-14
002991,甘源食品,2020-12-14
300080,易成新能,2020-12-14
300841,康华生物,2020-12-14
002978,安宁股份,2020-12-14
600557,康缘药业,2020-12-14
300856,科思股份,2020-12-14
688019,安集科技,2020-12-14
600395,盘江股份,2020-12-14
688001,华兴源创,2020-12-14
002987,京北方,2020-12-14
601311,骆驼股份,2020-12-14
002541,鸿路钢构,2020-12-14
601678,滨化股份,2020-12-14
600874,创业环保,2020-12-14
300738,奥飞数据,2020-12-14
300855,图南股份,2020-12-14
002847,盐津铺子,2020-12-14
000828,东莞控股,2020-12-14
601609,金田铜业,2020-12-14
000848,承德露露,2020-12-14
600996,贵广网络,2020-12-14
603766,隆鑫通用,2020-12-14
688366,昊海生科,2020-12-14
688016,心脉医疗,2020-12-14
688018,乐鑫科技,2020-12-14
603025,大豪科技,2020-12-14
688007,光峰科技,2020-12-14
600452,涪陵电力,2020-10-12
600223,鲁商发展,2020-07-13
603690,至纯科技,2020-06-15
603730,岱美股份,2020-06-15
300598,诚迈科技,2020-06-15
300319,麦捷科技,2020-06-15
002960,青鸟消防,2020-06-15
603005,晶方科技,2020-06-15
300119,瑞普生物,2020-06-15
002706,良信电器,2020-06-15
300762,上海瀚讯,2020-06-15
300663,科蓝软件,2020-06-15
300455,康拓红外,2020-06-15
603530,神马电力,2020-06-15
300579,数字认证,2020-06-15
600246,万通地产,2020-06-15
002194,武汉凡谷,2020-06-15
002959,小熊电器,2020-06-15
002015,协鑫能科,2020-06-15
000503,国新健康,2020-06-15
600267,海正药业,2020-06-15
300672,国科微,2020-06-15
002967,广电计量,2020-06-15
603690,至纯科技,2020-06-15
603730,岱美股份,2020-06-15
300598,诚迈科技,2020-06-15
300525,博思软件,2020-06-15
300770,新媒股份,2019-12-16
300773,拉卡拉,2019-12-16
300775,三角防务,2019-12-16
300777,中简科技,2019-12-16
300783,三只松鼠,2019-12-16
600169,太原重工,2019-12-16
600458,时代新材,2019-12-16
600587,新华医疗,2019-12-16
600750,江中药业,2019-12-16
600775,南京熊猫,2019-12-16
600864,哈投股份,2019-12-16
600971,恒源煤电,2019-12-16
600993,马应龙,2019-12-16
601137,博威合金,2019-12-16
601515,东风股份,2019-12-16
603169,兰石重装,2019-12-16
603236,移远通信,2019-12-16
603279,景津环保,2019-12-16
300770,新媒股份,2019-12-16
300773,拉卡拉,2019-12-16
300775,三角防务,2019-12-16
300777,中简科技,2019-12-16
300783,三只松鼠,2019-12-16
600169,太原重工,2019-12-16
600458,时代新材,2019-12-16
600587,新华医疗,2019-12-16
600750,江中药业,2019-12-16
600775,南京熊猫,2019-12-16
600864,哈投股份,2019-12-16
600971,恒源煤电,2019-12-16
600993,马应龙,2019-12-16
601137,博威合金,2019-12-16
601515,东风股份,2019-12-16
603169,兰石重装,2019-12-16
603236,移远通信,2019-12-16
603279,景津环保,2019-12-16
603915,国茂股份,2019-12-16
000597,东北制药,2019-06-17
000950,重药控股,2019-06-17
002034,旺能环境,2019-06-17
002041,登海种业,2019-06-17
002063,远光软件,2019-06-17
002100,天康生物,2019-06-17
002123,梦网集团,2019-06-17
002276,万马股份,2019-06-17
002400,省广集团,2019-06-17
002498,汉缆股份,2019-06-17
002913,奥士康,2019-06-17
300674,宇信科技,2019-06-17
300723,一品红,2019-06-17
300755,华致酒行,2019-06-17
600366,宁波韵升,2019-06-17
600389,江山股份,2019-06-17
600618,氯碱化工,2019-06-17
600635,大众公用,2019-06-17
600710,苏美达,2019-06-17
600761,安徽合力,2019-06-17
600773,西藏城投,2019-06-17
600635,大众公用,2019-06-17
600710,苏美达,2019-06-17
600761,安徽合力,2019-06-17
600773,西藏城投,2019-06-17
600810,神马股份,2019-06-17
600850,华东电脑,2019-06-17
601519,大智慧,2019-06-17
601606,长城军工,2019-06-17
603027,千禾味业,2019-06-17
603583,捷昌驱动,2019-06-17
603713,密尔克卫,2019-06-17
603348,文灿股份,2018-12-17
600305,恒顺醋业,2018-12-17
603693,江苏新能,2018-12-17
300634,彩讯股份,2018-12-17
002928,华夏航空,2018-12-17
603599,广信股份,2018-12-17
601375,中原证券,2018-12-17
600059,古越龙山,2018-12-17
603013,亚普股份,2018-12-17
000913,钱江摩托,2018-12-17
300451,创业软件,2018-12-17
002428,云南锗业,2018-12-17
002929,润建通信,2018-12-17
601619,嘉泽新能,2018-12-17
300602,飞荣达,2018-12-17
002698,博实股份,2018-12-17
600929,湖南盐业,2018-12-17
601677,明泰铝业,2018-12-17
600422,昆药集团,2018-12-17
603876,鼎胜新材,2018-12-17
600211,西藏药业,2018-12-17
300725,药石科技,2018-12-17
603733,仙鹤股份,2018-12-17
300039,上海凯宝,2018-12-17
300747,锐科激光,2018-12-17
600596,新安股份,2018-07-13
603533,掌阅科技,2018-06-11
002061,浙江交科,2018-06-11
601949,中国出版,2018-06-11
600966,博汇纸业,2018-06-11
002895,川恒股份,2018-06-11
000810,创维数字,2018-06-11
300398,飞凯材料,2018-06-11
002911,佛燃股份,2018-06-11
000030,富奥股份,2018-06-11
000791,甘肃电投,2018-06-11
002158,汉钟精机,2018-06-11
000923,河北宣工,2018-06-11
603103,横店影视,2018-06-11
300726,宏达电子,2018-06-11
002906,华阳集团,2018-06-11
300666,江丰电子,2018-06-11
002020,京新药业,2018-06-11
601908,京运通,2018-06-11
002258,利尔化学,2018-06-11
000517,荣安地产,2018-06-11
300298,三诺生物,2018-06-11
601369,陕鼓动力,2018-06-11
002267,陕天然气,2018-06-11
000555,神州信息,2018-06-11
000935,四川双马,2018-06-11
600055,万东医疗,2018-06-11
002727,一心堂,2018-06-11
603533,掌阅科技,2018-06-11
002061,浙江交科,2018-06-11
601949,中国出版,2018-06-11
300393,中来股份,2018-06-11
603881,数据港,2017-12-11
000968,蓝焰控股,2017-12-11
601952,苏垦农发,2017-12-11
300633,开立医疗,2017-12-11
603612,索通发展,2017-12-11
002859,洁美科技,2017-12-11
000550,江铃汽车,2017-12-11
603323,吴江银行,2017-12-11
600812,华北制药,2017-12-11
002237,恒邦股份,2017-12-11
603043,广州酒家,2017-12-11
300613,富瀚微,2017-12-11
002237,恒邦股份,2017-12-11
603043,广州酒家,2017-12-11
300613,富瀚微,2017-12-11
000917,电广传媒,2017-12-11
000088,盐田港,2017-06-12
000881,中广核技,2017-06-12
002204,大连重工,2017-06-12
002545,东方铁塔,2017-06-12
300085,银之杰,2017-06-12
300323,华灿光电,2017-06-12
600075,新疆天业,2017-06-12
600252,中恒集团,2017-06-12
600456,宝钛股份,2017-06-12
600783,鲁信创投,2017-06-12
600997,开滦股份,2017-06-12
601126,四方股份,2017-06-12
603393,新天然气,2017-06-12
603919,金徽酒,2017-06-12
000650,仁和药业,2016-12-12
603108,润达医疗,2016-12-12
002314,南山控股,2016-12-12
300236,上海新阳,2016-12-12
000603,盛达矿业,2016-12-12
000688,建新矿业,2016-12-12
000885,同力水泥,2016-12-12
000059,华锦股份,2016-12-12
002537,海立美达,2016-12-12
300457,赢合科技,2016-12-12
000795,英洛华,2016-12-12
600963,岳阳林纸,2016-12-12
002675,东诚药业,2016-12-12
300409,道氏技术,2016-12-12
600490,鹏欣资源,2016-12-12
300232,洲明科技,2016-12-12
300031,宝通科技,2016-06-13
300036,超图软件,2016-06-13
300456,耐威科技,2016-06-13
600072,钢构工程,2016-06-13
600477,杭萧钢构,2016-06-13
600641,万业企业,2016-06-13
002539,新都化工,2016-06-13
300031,宝通科技,2016-06-13
300036,超图软件,2016-06-13
300456,耐威科技,2016-06-13
600072,钢构工程,2016-06-13
600477,杭萧钢构,2016-06-13
600641,万业企业,2016-06-13
603299,井神股份,2016-06-13
000735,罗牛山,2015-12-14
002335,科华恒盛,2015-12-14
002488,金固股份,2015-12-14
002651,利君股份,2015-12-14
002747,埃斯顿,2015-12-14
300348,长亮科技,2015-12-14
600550,保变电气,2015-12-14
600986,科达股份,2015-12-14
603118,共进股份,2015-12-14
603588,高能环境,2015-12-14
603997,继峰股份,2015-12-14
000498,山东路桥,2015-06-15
000657,中钨高新,2015-06-15
000928,中钢国际,2015-06-15
002226,江南化工,2015-06-15
002320,海峡股份,2015-06-15
002737,葵花药业,2015-06-15
300406,九强生物,2015-06-15
600123,兰花科创,2015-06-15
600197,伊力特,2015-06-15
600740,山西焦化,2015-06-15
601069,西部黄金,2015-06-15
603368,柳州医药,2015-06-15
603609,禾丰牧业,2015-06-15
603636,南威软件,2015-06-15
603678,火炬电子,2015-06-15
600449,宁夏建材,2014-12-15
002726,龙大肉食,2014-12-15
002378,章源钨业,2014-12-15
002171,精诚铜业,2014-12-15
000902,新洋丰,2014-12-15
000065,北方国际,2014-12-15
000902,新洋丰,2014-12-15
000065,北方国际,2014-12-15
000035,中国天楹,2014-12-15
601222,林洋电子,2014-10-17
600206,有研新材,2014-10-17
600771,广誉远,2014-10-17
600662,强生控股,2014-10-17
000915,山大华特,2014-10-17
603308,应流股份,2014-10-17
300101,振芯科技,2014-10-17
002023,海特高新,2014-10-17
600330,天通股份,2014-10-17
002649,博彦科技,2014-10-17
600552,方兴科技,2014-10-17
300170,汉得信息,2014-10-17
600210,紫江企业,2014-10-17
600057,象屿股份,2014-10-17
600185,格力地产,2014-10-17
002079,苏州固锝,2014-10-17
600602,仪电电子,2014-10-17
300226,上海钢联,2014-10-17
300185,通裕重工,2014-10-17
600459,贵研铂业,2014-10-17
002697,红旗连锁,2014-10-17
002389,南洋科技,2014-10-17
600559,老白干酒,2014-10-17
000811,烟台冰轮,2014-10-17
002145,中核钛白,2014-10-17
000901,航天科技,2014-10-17
300284,苏交科,2014-10-17
600285,羚锐制药,2014-10-17
002567,唐人神,2014-10-17
600063,皖维高新,2014-10-17
300294,博雅生物,2014-10-17
002351,漫步者,2014-10-17
002626,金达威,2014-10-17
002097,山河智能,2014-10-17
600577,精达股份,2014-10-17
600621,华鑫股份,2014-10-17
600604,市北高新,2014-10-17
300034,钢研高纳,2014-10-17
002605,姚记扑克,2014-10-17
600502,安徽水利,2014-10-17
002643,烟台万润,2014-10-17
300083,劲胜精密,2014-10-17
300188,美亚柏科,2014-10-17
300185,通裕重工,2014-10-17
600459,贵研铂业,2014-10-17
002697,红旗连锁,2014-10-17
002389,南洋科技,2014-10-17
600559,老白干酒,2014-10-17
000811,烟台冰轮,2014-10-17
002145,中核钛白,2014-10-17
000901,航天科技,2014-10-17
300284,苏交科,2014-10-17
600285,羚锐制药,2014-10-17
002567,唐人神,2014-10-17
600063,皖维高新,2014-10-17
300294,博雅生物,2014-10-17
002351,漫步者,2014-10-17
002626,金达威,2014-10-17
002097,山河智能,2014-10-17
600577,精达股份,2014-10-17
600621,华鑫股份,2014-10-17
600604,市北高新,2014-10-17
000875,吉电股份,2014-10-17
002126,银轮股份,2014-10-17
603008,喜临门,2014-10-17
002597,金禾实业,2014-10-17
600116,三峡水利,2014-10-17
002245,澳洋顺昌,2014-10-17
000058,深赛格,2014-10-17
600480,凌云股份,2014-10-17
002516,江苏旷达,2014-10-17
002182,云海金属,2014-10-17
002222,福晶科技,2014-10-17
002617,露笑科技,2014-10-17
300130,新国都,2014-10-17
002139,拓邦股份,2014-10-17
002099,海翔药业,2014-10-17
