date,sge,cme_cny,cme_usd,spread,spread_pct
2022-12-27,238.98,233.62927001784365,1032.2,5.350729982156338,2.2902652487625677
2022-12-28,237.1,230.5057630170238,1018.4,6.594236982976184,2.8607688140487717
2022-12-29,237.05,241.5738421721028,1067.3,-4.523842172102775,-1.8726539808394838
2022-12-30,245.52,245.5800794122848,1085.0,-0.060079412284778755,-0.024464285714280685
2023-01-03,249.13,248.38670889128235,1097.4,0.7432911087176421,0.29924753705037294
2023-01-04,249.91,247.16446702139632,1092.0,2.745532978603677,1.1108121696012252
2023-01-05,247.34,241.89071969392512,1068.7,5.449280306074883,2.2527860155073727
2023-01-06,242.43,249.97109650039386,1104.4,-7.541096500393849,-3.016787383009286
2023-01-09,249.18,246.96076004308193,1091.1,2.2192399569180736,0.8986204757917535
2023-01-10,245.09,246.84758949957398,1090.6,-1.7575894995739816,-0.7120140419993912
2023-01-11,244.68,245.03686080344653,1082.6,-0.3568608034465228,-0.14563555959557226
2023-01-12,242.06,244.10886234668126,1078.5,-2.048862346681261,-0.8393232130062878
2023-01-13,240.0,243.06769334640796,1073.9,-3.067693346407964,-1.262073665230385
2023-01-16,239.45,242.36603597665857,1070.8,-2.916035976658577,-1.2031537195002895
2023-01-17,238.5,237.001752214381,1047.1,1.498247785618986,0.6321673876333789
2023-01-18,234.6,236.57170414905076,1045.2,-1.9717041490507654,-0.8334488505897153
2023-01-19,236.01,235.779510344495,1041.7,0.23048965550498224,0.09775643997572823
2023-01-20,234.47,237.8165801276384,1050.7,-3.34658012763839,-1.4072106014821375
2023-01-30,229.94,230.23415371260472,1017.2,-0.2941537126047251,-0.12776284832697302
2023-01-31,227.23,230.73210410403973,1019.4,-3.502104104039745,-1.517822635752763
2023-02-01,228.94,229.14771649492823,1012.4,-0.20771649492823485,-0.09064742084516138
2023-02-02,227.16,233.4708312569325,1031.5,-6.3108312569325165,-2.703049123077608
2023-02-03,231.71,221.81426527561206,980.0,9.89573472438795,4.461270654568654
2023-02-06,221.74,221.27104666677383,977.6,0.4689533332261817,0.21193614812714673
2023-02-07,221.33,222.13114279743436,981.4,-0.8011427974343519,-0.3606620788715472
2023-02-08,222.92,221.15787612326588,977.1,1.7621238767341083,0.7967719294572897
2023-02-09,222.65,217.40061407880142,960.5,5.249385921198581,2.414614118475227
2023-02-10,217.97,215.11456909994052,950.4,2.855430900059474,1.3274000510550559
2023-02-13,216.56,217.35534586139823,960.3,-0.795345861398232,-0.3659196226557975
2023-02-14,218.5,211.80998922950795,935.8,6.6900107704920515,3.1584963461015296
2023-02-15,213.57,207.78111788062438,918.0,5.788882119375614,2.7860482118983865
2023-02-16,211.84,208.77701866349446,922.4,3.062981336505544,1.4671065599621569
2023-02-17,212.4,208.14326361984988,919.6,4.25673638015013,2.045099277353783
2023-02-20,212.75,209.9313582072757,927.5,2.818641792724293,1.3426492434452348
2023-02-21,214.04,213.8696931213529,944.9,0.17030687864709648,0.07963114182356908
2023-02-22,215.9,215.2956419695533,951.2,0.6043580304467184,0.28071075889784414
2023-02-23,220.81,214.5713504911023,948.0,6.2386495088977085,2.9074941713415785
2023-02-24,220.76,205.65351166267462,908.6,15.106488337325374,7.345601937546271
2023-02-27,213.54,213.00959699069236,941.1,0.5304030093076335,0.2490042781174831
2023-02-28,219.96,216.1331039915122,954.9,3.8268960084878074,1.7706200197069737
2023-03-01,223.08,217.28744353529345,960.0,5.792556464706564,2.6658496093750093
2023-03-02,220.73,218.30597842686515,964.5,2.424021573134837,1.110378007328329
2023-03-03,223.65,222.6969955149742,983.9,0.953004485025815,0.4279377379214507
2023-03-06,226.03,221.88216760171684,980.3,4.147832398283157,1.8693851980608929
2023-03-07,225.92,211.40257527287923,934.0,14.517424727120755,6.867193887482974
2023-03-08,219.8,212.57954892536213,939.2,7.220451074637879,3.39658782377651
2023-03-09,220.11,214.2092047518768,946.4,5.900795248123217,2.7546879952979784
2023-03-10,219.08,218.01173501374447,963.2,1.0682649862555422,0.49000343315840034
2023-03-13,223.02,227.9481087337438,1007.1,-4.928108733743784,-2.161943242749205
2023-03-14,229.09,224.2813831240857,990.9,4.808616875914311,2.1440107105340527
2023-03-15,227.63,218.7360264921954,966.4,8.893973507804589,4.06607619715627
2023-03-16,222.87,221.76899705820887,979.8,1.101002941791137,0.4964638684379093
2023-03-17,226.67,221.92743581912003,980.5,4.742564180879953,2.1369886798247593
2023-03-20,224.19,225.75260018968925,997.4,-1.562600189689249,-0.692173728398375
2023-03-21,227.24,221.15787612326588,977.1,6.08212387673413,2.7501276388384923
2023-03-22,225.65,224.16821258057774,990.4,1.481787419422261,0.6610158516072521
2023-03-23,225.69,224.50772421110162,991.9,1.1822757888983801,0.5266080679641569
2023-03-24,225.69,223.0591412541997,985.5,2.6308587458003103,1.1794444876850692
2023-03-27,224.5,221.47475364508819,978.5,3.0252463549118147,1.365955399033766
2023-03-28,224.05,217.7174916006237,961.9,6.332508399376309,2.908589637341829
2023-03-29,221.7,221.0447055797579,976.6,0.6552944202420861,0.2964533434643342
2023-03-30,223.62,225.5941614287781,996.7,-1.9741614287781033,-0.8750942029150706
2023-03-31,227.32,226.34108701593067,1000.0,0.9789129840693249,0.43249460227273084
2023-04-03,227.41,225.9563071680036,998.3,1.453692831996392,0.6433512966360964
2023-04-04,227.5,232.88234443069112,1028.9,-5.38234443069112,-2.3111861244135565
2023-04-06,231.8,230.1888854952015,1017.0,1.6111145047985076,0.6999097725038044
2023-04-07,232.62,230.1888854952015,1017.0,2.4311145047985008,1.0561389615178356
2023-04-10,231.57,227.06537849438166,1003.2,4.504621505618331,1.9838433914881437
2023-04-11,231.44,227.33698779880078,1004.4,4.1030122011992205,1.804815063719633
2023-04-12,231.07,232.72390566977992,1028.2,-1.653905669779931,-0.7106728743744596
2023-04-13,234.52,240.64584371533752,1063.2,-6.12584371533751,-2.54558467362679
2023-04-14,240.51,239.3556995193467,1057.5,1.1543004806532906,0.4822531834300401
2023-04-17,239.6,240.23842975870883,1061.4,-0.6384297587088383,-0.2657483897768004
2023-04-18,241.34,247.48134454321863,1093.4,-6.141344543218622,-2.4815383779952493
2023-04-19,246.78,249.76738952207953,1103.5,-2.987389522079525,-1.1960686812621062
2023-04-20,249.07,251.14807015287667,1109.6,-2.078070152876677,-0.8274282783107718
2023-04-21,251.36,258.3230826112817,1141.3,-6.9630826112816635,-2.695493775041211
2023-04-24,254.19,248.95256160882215,1099.9,5.237438391177847,2.103789716937079
2023-04-25,250.52,249.83529184818426,1103.8,0.6847081518157552,0.27406382290930587
2023-04-26,253.42,249.54104843506357,1102.5,3.878951564936415,1.5544342661306918
2023-04-27,253.34,247.68505152153293,1094.3,5.654948478467077,2.2831206177880516
2023-04-28,249.9,246.14593212982462,1087.5,3.7540678701753905,1.5251391065830755
2023-05-04,242.11,238.56350571479092,1054.0,3.546494285209093,1.4866038602941314
2023-05-05,240.18,241.6870127156108,1067.8,-1.5070127156107844,-0.6235389724412135
2023-05-08,244.71,245.1726654556561,1083.2,-0.4626654556560936,-0.18871004840454983
2023-05-09,246.84,252.43821434886746,1115.3,-5.598214348867458,-2.2176572446875156
2023-05-10,254.42,254.7921616538332,1125.7,-0.3721616538332171,-0.14606479705558797
2023-05-11,255.85,249.7221213046763,1103.3,6.1278786953236875,2.453879000910496
2023-05-12,250.78,239.49150417155624,1058.1,11.288495828443757,4.713526631139871
2023-05-15,244.82,242.23023132444902,1070.2,2.589768675550971,1.0691352030631438
2023-05-16,245.25,241.64174449820757,1067.6,3.608255501792428,1.4932252327863793
2023-05-17,247.57,244.15413056408445,1078.7,3.415869435915539,1.3990627264931557
2023-05-18,249.06,239.85364991078177,1059.7,9.206350089218233,3.8383197806840608
2023-05-19,246.03,242.43393830276332,1071.1,3.596061697236678,1.48331612414172
2023-05-22,247.26,243.70144839005258,1076.7,3.558551609947415,1.4602094626256918
2023-05-23,248.5,239.74047936727376,1059.2,8.759520632726236,3.653751196228722
2023-05-24,244.95,233.19922195251337,1030.3,11.75077804748662,5.038943933474806
2023-05-25,240.45,232.40702814795762,1026.8,8.04297185204237,3.460726603724721
2023-05-26,241.3,232.7918079958847,1028.5,8.508192004115301,3.6548502618553096
2023-05-29,241.95,233.33502660472297,1030.9,8.614973395277019,3.692104661967901
2023-05-30,241.96,232.2033211696433,1025.9,9.75667883035672,4.201782636532006
2023-05-31,239.2,225.933673059302,998.2,13.26632694069798,5.871779430247166
2023-06-01,236.01,228.58186377738838,1009.9,7.428136222611613,3.2496612372737217
2023-06-02,238.39,228.01601105984855,1007.4,10.373988940151435,4.549675653008648
2023-06-05,237.5,234.42146382239943,1035.7,3.0785361776005686,1.313248423332475
2023-06-06,243.69,235.21365762695518,1039.2,8.476342373044815,3.603677804495583
2023-06-07,244.93,231.90907775652255,1024.6,13.020922243477457,5.614666907152253
2023-06-08,242.41,229.69093510376646,1014.8,12.719064896233533,5.5374692477469765
2023-06-09,240.9,229.19298471233142,1012.6,11.707015287668582,5.107929155145166
2023-06-12,238.16,225.45835677656854,996.1,12.70164322343146,5.633698127241704
2023-06-13,236.16,222.15377690613596,981.5,14.006223093864037,6.304742277589962
2023-06-14,233.26,222.3574838844503,982.4,10.902516115549702,4.903147816340319
2023-06-15,230.58,224.91513816773033,993.7,5.664861832269679,2.5186663194031484
2023-06-16,234.87,223.46655521082835,987.3,11.403444789171658,5.102976048658887
2023-06-19,233.11,221.58792418859613,979.0,11.52207581140388,5.199776049888578
2023-06-20,230.92,218.46441718777632,965.2,12.455582812223668,5.701424045416853
2023-06-21,228.66,214.2092047518768,946.4,14.4507952481232,6.746113111647967
2023-06-26,224.12,210.2256016203964,928.8,13.894398379603615,6.609279874814049
2023-06-27,223.73,211.10833185975855,932.7,12.62166814024144,5.9787636182100785
2023-06-28,221.46,208.41487292426896,920.8,13.045127075731045,6.259211203449579
2023-06-29,220.86,204.6802449885061,904.3,16.17975501149391,7.904893319041362
2023-06-30,217.29,206.0156574019001,910.2,11.274342598099878,5.4725658914873785
2023-07-03,216.5,207.89428842413233,918.5,8.605711575867673,4.139465129658042
2023-07-04,221.19,209.02599385921198,923.5,12.164006140788018,5.819374861569131
2023-07-05,220.84,209.04862796791357,923.6,11.791372032086429,5.64049242834364
2023-07-06,221.31,205.7666822061826,909.1,15.543317793817408,7.553855477070225
2023-07-07,218.03,207.46424035880207,916.6,10.565759641197928,5.092810029779021
2023-07-10,218.54,211.56101403379043,934.7,6.978985966209564,3.298805310649004
2023-07-11,223.96,210.9272589901458,931.9,13.03274100985422,6.17878460671747
2023-07-12,222.13,216.92529779606795,958.4,5.204702203932044,2.399306238973104
2023-07-13,229.12,222.5838249714662,983.4,6.5361750285337905,2.9365004529739234
2023-07-14,229.75,222.28958155834553,982.1,7.460418441654468,3.356170986221544
2023-07-17,230.69,223.48918931952997,987.4,7.200810680470028,3.221995078327833
2023-07-18,234.79,225.0283087112383,994.2,9.761691288761682,4.337983671773545
2023-07-19,235.17,222.3801179931519,982.5,12.789882006848075,5.751360383414282
2023-07-20,232.19,218.48705129647786,965.3,13.70294870352214,6.2717440792076085
2023-07-21,229.09,219.89036603597665,971.5,9.199633964023349,4.183736709282743
2023-07-24,230.31,219.07553812271928,967.9,11.234461877280722,5.128122461115456
2023-07-25,229.56,221.3842172102818,978.1,8.175782789718198,3.6930287500813264
2023-07-26,229.97,220.29777999260534,973.3,9.672220007394657,4.39052087030533
2023-07-27,229.78,213.30384040381307,942.4,16.476159596186932,7.7242676760977815
2023-07-28,224.21,213.5528155995306,943.5,10.657184400469419,4.990420927277554
2023-07-31,221.27,217.40061407880142,960.5,3.8693859211985853,1.7798413024703073
2023-08-01,225.47,212.5569148166605,939.1,12.91308518333949,6.075118842629788
2023-08-02,222.09,209.9313582072757,927.5,12.158641792724296,5.791722540431269
2023-08-03,220.0,208.3243364894626,920.4,11.67566351053739,5.604560517166444
2023-08-04,219.69,210.11243107688844,928.3,9.577568923111556,4.55830665231166
2023-08-07,221.74,209.637114794155,926.2,12.102885205845013,5.773254997202652
2023-08-08,220.21,204.95185429292525,905.5,15.25814570707476,7.44474635748707
2023-08-09,217.22,201.91888372691176,892.1,15.30111627308824,7.577853042106981
2023-08-10,216.31,206.2646325976176,911.3,10.045367402382396,4.870135648499161
2023-08-11,220.8,207.26053338048774,915.7,13.539466619512268,6.532583120712418
2023-08-14,220.26,204.72551320590932,904.5,15.534486794090668,7.587958408713991
2023-08-15,218.79,201.7830790747022,891.5,17.006920925297806,8.42831866937746
2023-08-16,216.55,200.58347131351778,886.2,15.966528686482235,7.960042062252522
2023-08-17,217.0,203.00532094458822,896.9,13.99467905541178,6.893749873300971
2023-08-18,217.44,207.3284357065925,916.0,10.111564293407497,4.877075476379518
2023-08-21,221.88,207.16999694568133,915.3,14.710003054318662,7.100450485682795
2023-08-22,221.63,209.5918465767518,926.0,12.03815342324819,5.743617235053016
2023-08-23,224.1,211.99106209912065,936.6,12.10893790087934,5.712003978364693
2023-08-24,225.08,213.05486520809552,941.3,12.025134791904492,5.644149350994295
2023-08-25,226.36,215.40881251306126,951.7,10.95118748693875,5.083908758967198
2023-08-28,228.97,220.90890092754833,976.0,8.061099072451668,3.6490603314782115
2023-08-29,233.98,223.42128699342518,987.1,10.558713006574806,4.725920769978165
2023-08-30,236.11,222.90070249328852,984.8,13.209297506711493,5.926090568112598
2023-08-31,236.33,221.13524201456428,977.0,15.194757985435729,6.871251206732114
2023-09-01,234.05,219.0529040140177,967.8,14.997095985982298,6.846335159757845
2023-09-04,232.0,217.423248187503,960.6,14.576751812497008,6.7043206897204515
2023-09-05,229.0,211.2441365119681,933.3,17.755863488031906,8.40537578046619
2023-09-06,224.4,207.3058015978909,915.9,17.0941984021091,8.24588519489028
2023-09-07,221.28,206.10619383670647,910.6,15.173806163293534,7.36213011401075
2023-09-08,221.0,202.86951629237865,896.3,18.13048370762135,8.93701727049589
2023-09-11,218.92,204.40863568408702,903.1,14.51136431591297,7.099193371820281
2023-09-12,218.6,206.89838764126225,914.1,11.701612358737748,5.655729120048525
2023-09-13,219.68,204.56707444499813,903.8,15.11292555500188,7.387760516204326
2023-09-14,218.28,206.10619383670647,910.6,12.173806163293534,5.906569781662448
2023-09-15,221.09,210.6556496857267,930.7,10.434350314273303,4.953273425061288
2023-09-18,225.93,212.5342807079589,939.0,13.395719292041093,6.302851120026142
2023-09-19,226.26,214.141302425772,946.1,12.11869757422798,5.659206064849958
2023-09-20,227.32,211.1762341858633,933.0,16.143765814136685,7.644688748416649
2023-09-21,224.16,209.02599385921198,923.5,15.134006140788017,7.240250775212878
2023-09-22,225.48,211.19886829456493,933.1,14.281131705435058,6.761935715259973
2023-09-25,225.08,207.19263105438296,915.4,17.887368945617055,8.633207105189983
2023-09-26,220.34,205.17819537994117,906.5,15.161804620058831,7.389578893596747
2023-09-27,220.54,202.86951629237865,896.3,17.670483707621344,8.710270537715669
2023-09-28,217.29,207.46424035880207,916.6,9.82575964119792,4.736122053711337
2023-10-09,215.8,202.12259070522612,893.0,13.677409294773895,6.766887979741421
2023-10-10,215.82,200.96825116144484,887.9,14.851748838555153,7.390097068926685
2023-10-11,215.75,202.57527287925797,895.0,13.174727120742034,6.503620571990856
2023-10-12,217.58,197.41469609529474,872.2,20.16530390470527,10.214692372735616
2023-10-13,212.09,200.92298294404168,887.7,11.167017055958325,5.557859480449984
2023-10-16,214.8,203.4806372273217,899.0,11.319362772678318,5.562869728991809
2023-10-17,217.5,204.7028790972077,904.4,12.797120902792301,6.251558824785901
2023-10-18,219.92,201.69254263989583,891.1,18.227457360104154,9.037249033370392
2023-10-19,215.66,203.50327133602326,899.1,12.156728663976736,5.973726409490306
2023-10-20,217.06,204.49917211889337,903.5,12.560827881106633,6.142238988529459
2023-10-23,218.01,204.1822945970711,902.1,13.827705402928899,6.772235286226063
2023-10-24,217.71,202.21312714003247,893.4,15.496872859967539,7.663633454041767
2023-10-25,215.13,206.64941244554473,913.0,8.48058755445527,4.103852730135409
2023-10-26,220.0,206.1288279454081,910.7,13.87117205459191,6.7293702646315925
2023-10-27,221.56,206.2646325976176,911.3,15.295367402382396,7.415409617130388
2023-10-30,220.51,213.39437683861945,942.8,7.11562316138054,3.334494219949275
2023-10-31,226.82,213.530181490829,943.4,13.289818509170999,6.22385951081196
2023-11-01,226.45,211.19886829456493,933.1,15.251131705435057,7.221218479335732
2023-11-02,226.38,210.88199077274263,931.7,15.49800922725737,7.34913833583771
2023-11-03,223.57,212.8964264471844,940.6,10.673573552815583,5.013505266826775
2023-11-06,225.49,206.71731477164948,913.3,18.772685228350525,9.08133179317262
2023-11-07,218.86,203.27693024900734,898.1,15.583069750992678,7.665931265246846
2023-11-08,215.75,197.32415966048836,871.8,18.425840339511637,9.337853191020672
2023-11-09,212.0,195.35499220344977,863.1,16.64500779655023,8.520390295025333
2023-11-10,209.0,191.3487549632678,845.4,17.651245036732206,9.224645877691037
2023-11-13,206.5,196.41879531242463,867.8,10.081204687575365,5.132505100410658
2023-11-14,211.22,201.55673798768626,890.5,9.663262012313737,4.794313555969584
2023-11-15,214.07,203.7748806404424,900.3,10.295119359557589,5.052202375092133
2023-11-16,217.72,203.66171009693443,899.8,14.058289903065571,6.90276532411243
2023-11-17,216.08,204.81604964071568,904.9,11.263950359284337,5.499544776419299
2023-11-20,216.46,209.47867603324386,925.5,6.98132396675615,3.3327134288590923
2023-11-21,219.45,213.30384040381307,942.4,6.146159596186919,2.881410660282256
2023-11-22,222.02,210.67828379442827,930.8,11.341716205571743,5.383429179933207
2023-11-23,220.18,208.84492098959925,922.7,11.335079010400761,5.427510018769029
2023-11-24,218.93,212.51164659925732,938.9,6.418353400742689,3.0202360686828915
2023-11-27,222.7,209.3202372723327,924.8,13.379762727667298,6.392006287600265
2023-11-28,218.8,214.66188692590865,948.4,4.138113074091365,1.9277353485295925
2023-11-29,222.59,212.64745125146686,939.5,9.942548748533142,4.675602124558527
2023-11-30,222.02,211.2667706206697,933.4,10.753229379330321,5.089882023443141
2023-12-01,221.18,212.85115822978122,940.4,8.328841770218787,3.912988700407951
2023-12-04,221.7,208.95809153310722,923.2,12.741908466892767,6.097829652542527
2023-12-05,218.95,204.7707814233125,904.7,14.179218576687475,6.92443447162292
2023-12-06,215.73,202.0999565965245,892.9,13.630043403475497,6.744208971151205
2023-12-07,212.55,206.4230713585288,912.0,6.12692864147121,2.968141400642939
2023-12-08,217.85,208.61857990258332,921.7,9.231420097416674,4.425022978167805
2023-12-11,219.85,207.23789927178615,915.6,12.612100728213846,6.085808036334832
2023-12-12,217.95,211.6062822511936,934.9,6.343717748806398,2.9978872466914277
2023-12-13,223.0,213.1906698603051,941.9,9.809330139694907,4.60120048692682
2023-12-14,220.59,218.64549005738905,966.0,1.9445099426109493,0.8893437235318978
2023-12-15,226.57,214.5034481649975,947.7,12.066551835002485,5.625341661510641
2023-12-18,224.72,215.7709582522867,953.3,8.949041747713295,4.14747277400037
2023-12-19,224.85,217.80802803543008,962.3,7.04197196456991,3.23310946253295
2023-12-20,227.65,218.89446525310657,967.1,8.755534746893431,3.999888593240332
2023-12-21,229.88,219.86773192727506,971.4,10.012268072724936,4.55376875222266
2023-12-22,229.59,221.79163116691046,979.9,7.79836883308954,3.5160789395253764
2023-12-25,229.96,221.79163116691046,979.9,8.168368833089545,3.6829021862156717
2023-12-26,231.56,225.9563071680036,998.3,5.603692831996398,2.4799895618005148
2023-12-27,233.7,229.826739755976,1015.4,3.8732602440239816,1.6852957354468445
2023-12-28,236.23,231.34322503898275,1022.1,4.886774961017238,2.1123484209203824
2023-12-29,237.32,227.5633288858167,1005.4,9.756671114183291,4.287453150713421
2024-01-02,233.88,225.322552124359,995.5,8.557447875641003,3.79786567964933
2024-01-03,234.03,223.0591412541997,985.5,10.970858745800314,4.918363212605508
2024-01-04,230.99,218.89446525310657,967.1,12.095534746893435,5.525738045915153
2024-01-05,227.78,220.18460944909737,972.8,7.595390550902636,3.449555611496338
2024-01-08,228.39,216.58578616554408,956.9,11.804213834455908,5.45013319823007
2024-01-09,226.3,213.03223109939398,941.2,13.267768900606029,6.22805705603098
2024-01-10,223.69,210.3161380552028,929.2,13.373861944797198,6.3589328277257025
2024-01-11,220.25,209.20706672882474,924.3,11.042933271175258,5.278470485650068
2024-01-12,219.36,207.44160625010048,916.5,11.918393749899536,5.745421068293412
2024-01-15,218.36,208.70911633738967,922.1,9.65088366261034,4.624083428636227
2024-01-16,217.1,204.7028790972077,904.4,12.397120902792295,6.05615365913112
2024-01-17,215.15,201.55673798768626,890.5,13.593262012313744,6.744136736894502
2024-01-18,213.05,207.2831674891893,915.8,5.766832510810701,2.7821036221435906
2024-01-19,218.15,205.69877988007778,908.8,12.451220119922226,6.053132705590804
2024-01-22,215.31,203.79751474914397,900.4,11.512485250856031,5.648982160075329
2024-01-23,216.54,205.74404809748097,909.0,10.795951902519022,5.247273008550861
2024-01-24,215.86,205.58560933656983,908.3,10.274390663430182,4.997621524476306
2024-01-25,215.21,203.27693024900734,898.1,11.933069750992672,5.870351218101861
2024-01-26,214.2,208.5280434677769,921.3,5.671956532223078,2.719997002753035
2024-01-29,218.57,212.67008536016849,939.6,5.899914639831508,2.7742099364090995
2024-01-30,221.97,211.10833185975855,932.7,10.861668140241449,5.145068432190998
2024-01-31,220.3,209.97662642467893,927.7,10.323373575321085,4.916439391897841
2024-02-01,219.7,208.9354574244056,923.1,10.76454257559439,5.152089888567183
2024-02-02,218.62,203.97858761875673,901.2,14.64141238124327,7.177916345125691
2024-02-05,215.02,204.79341553201405,904.8,10.226584467985958,4.993609995428443
2024-02-06,216.05,206.24199848891604,911.2,9.808001511083972,4.755579165710556
2024-02-07,216.66,200.7871782918321,887.1,15.87282170816789,7.905296465244259
2024-02-08,211.74,202.4394682270484,894.4,9.300531772951615,4.594228514036844
2024-02-09,211.53,199.27069300882536,880.4,12.25930699117464,6.152087296967294
2024-02-19,217.53,205.29136592344912,907.0,12.23863407655088,5.9615922089556035
2024-02-20,214.99,205.99302329319852,910.1,8.99697670680149,4.3676123409265735
2024-02-21,217.17,201.51146977028307,890.3,15.658530229716916,7.770540430064435
2024-02-22,212.96,205.20082948864274,906.6,7.759170511357269,3.7812568938892697
2024-02-23,215.97,205.0876589451348,906.1,10.882341054865208,5.306190099803352
2024-02-26,214.84,199.97235037857476,883.5,14.867649621425244,7.4348526650203235
2024-02-27,212.09,202.84688218367708,896.2,9.243117816322922,4.556697010483658
2024-02-28,212.8,199.97235037857476,883.5,12.827649621425252,6.414711632453574
2024-02-29,212.51,199.8818139437684,883.1,12.628186056231584,6.3178264230602785
2024-03-01,211.27,201.76044496600062,891.4,9.50955503399939,4.713290078043732
2024-03-04,211.74,204.3407333579822,902.8,7.399266642017807,3.6210434015890094
2024-03-05,213.7,200.58347131351778,886.2,13.116528686482212,6.539187202509172
2024-03-06,212.65,206.69468066294792,913.2,5.955319337052089,2.8812155774648534
2024-03-07,217.0,209.2749690549295,924.6,7.7250309450705,3.691330587674282
2024-03-08,219.96,207.53214268490683,916.9,12.427857315093178,5.988401196224443
2024-03-11,219.26,213.23593807770828,942.1,6.024061922291708,2.8250687837133697
2024-03-12,223.58,210.08979696818687,928.2,13.490203031813138,6.4211604877965165
2024-03-13,220.79,214.05076599096566,945.7,6.739234009034334,3.1484278871110294
2024-03-14,224.28,210.6556496857267,930.7,13.6243503142733,6.467593123943847
2024-03-15,221.83,213.30384040381307,942.4,8.526159596186943,3.997189914652154
2024-03-18,223.19,208.2111659459546,919.9,14.978834054045393,7.194058967007298
2024-03-19,218.32,203.29956435770896,898.2,15.020435642291034,7.388326526790942
2024-03-20,214.31,206.2646325976176,911.3,8.045367402382396,3.9005074699729794
2024-03-21,215.72,206.21936438021444,911.1,9.500635619785555,4.607053100148672
2024-03-22,217.08,203.32219846641053,898.3,13.757801533589486,6.766502446540444
2024-03-25,215.96,204.99712251032844,905.7,10.96287748967157,5.347820181778026
2024-03-26,217.22,207.62267911971318,917.3,9.597320880286816,4.622481956681185
2024-03-27,217.57,206.1288279454081,910.7,11.441172054591902,5.550495856708613
2024-03-28,216.67,208.84492098959925,922.7,7.825079010400742,3.7468371140279926
2024-03-29,218.81,208.84492098959925,922.7,9.965079010400757,4.771520879311702
2024-04-01,219.93,207.26053338048774,915.7,12.669466619512264,6.112821583959608
2024-04-02,218.57,211.99106209912065,936.6,6.578937900879339,3.1034034339632797
2024-04-03,222.03,215.476714839166,952.0,6.553285160834008,3.041296209534959
2024-04-08,224.08,221.06733968845953,976.7,3.012660311540486,1.3627794661057104
2024-04-09,234.31,224.598260645908,992.3,9.711739354092003,4.324049227346028
2024-04-10,234.91,221.08997379716106,976.8,13.820026202838932,6.250860663413942
2024-04-11,232.52,225.20938158085104,995.0,7.310618419148966,3.246142930561898
2024-04-12,237.81,223.987139710965,989.6,13.822860289034992,6.1712740771064505
2024-04-15,233.97,222.83280016718376,984.5,11.137199832816236,4.998007395886233
2024-04-16,232.65,219.66402494896073,970.5,12.985975051039276,5.9117441074188575
2024-04-17,228.97,215.61251949137556,952.6,13.357480508624434,6.195132147304984
2024-04-18,225.79,214.79769157811822,949.0,10.992308421881773,5.117517018512306
2024-04-19,226.57,213.5075473821274,943.3,13.062452617872594,6.118028509078385
2024-04-22,224.1,210.54247914221872,930.2,13.55752085778127,6.439328022077359
2024-04-23,219.4,208.301702380761,920.3,11.09829761923902,5.327991798622992
2024-04-24,220.03,206.49097368463356,912.3,13.539026315366442,6.5567158088198685
2024-04-25,219.17,209.5918465767518,926.0,9.578153423248182,4.569907455698996
2024-04-26,222.8,209.16179851142152,924.1,13.638201488578488,6.520407448032992
2024-04-29,220.8,217.19690710048707,959.6,3.6030928995129443,1.6589061730266526
2024-04-30,228.14,214.07340009966723,945.8,14.066599900332761,6.5709237550222035
2024-05-06,229.5,218.7812947095986,966.6,10.718705290401402,4.899278663026918
2024-05-07,230.39,223.60235986303792,987.9,6.787640136962068,3.035585197365389
2024-05-08,234.37,222.87806838458695,984.7,11.491931615413051,5.15615183616145
2024-05-09,234.32,224.71143118941598,992.8,9.608568810584018,4.27595906435426
2024-05-10,236.71,227.5859629945183,1005.5,9.12403700548171,4.0090508594774255
2024-05-13,239.0,228.49132734258203,1009.5,10.508672657417975,4.599156029087307
2024-05-14,240.61,236.95648399697785,1046.9,3.653516003022162,1.5418510358504303
2024-05-15,252.23,243.7467166074558,1076.9,8.483283392544195,3.480368273516553
2024-05-16,254.84,242.3886700853602,1070.9,12.451329914639814,5.136927361437695
2024-05-17,256.35,247.7755879563393,1094.7,8.574412043660715,3.4605556238944803
2024-05-20,259.63,239.83101580208015,1059.6,19.79898419791985,8.25538937560057
2024-05-21,248.77,240.53267317182954,1062.7,8.237326828170467,3.4246186680368202
2024-05-22,252.2,236.8433134534699,1046.4,15.356686546530085,6.483901243657889
2024-05-23,247.6,232.27122349574807,1026.2,15.32877650425192,6.599515976860787
2024-05-24,245.58,234.21775684408505,1034.8,11.362243155914967,4.851145066459939
2024-05-27,250.4,240.894818911055,1064.3,9.505181088944994,3.9457806240550855
2024-05-28,253.63,242.5471088462713,1071.6,11.082891153728696,4.569376731162414
2024-05-29,254.58,236.77541112736506,1046.1,17.80458887263495,7.5196105828141055
2024-05-30,247.45,234.28565917018983,1035.1,13.164340829810158,5.618927285791451
2024-05-31,245.93,236.4132653881396,1044.5,9.516734611860414,4.02546557454633
2024-06-03,248.62,231.75063899561144,1023.9,16.869361004388566,7.279100104102847
2024-06-04,244.68,225.70733197228608,997.2,18.972668027713922,8.40587138305437
2024-06-05,238.13,226.86167151606733,1002.3,11.268328483932663,4.9670481613878925
2024-06-06,240.3,228.85347308180752,1011.1,11.44652691819249,5.00168372542056
2024-06-07,241.58,219.52822029675116,969.9,22.051779703248855,10.045077427148078
2024-06-11,231.5,217.26480942659185,959.9,14.235190573408147,6.552000119567383
2024-06-12,231.56,218.17017377465558,963.9,13.389826225344422,6.1373312372086914
2024-06-13,229.47,216.1557381002138,955.0,13.314261899786203,6.159569029628751
2024-06-14,230.87,217.94383268763966,962.9,12.926167312360349,5.930962648934565
2024-06-17,229.23,220.61465751442762,974.7,8.61534248557237,3.905154164568122
2024-06-18,234.56,221.52002186249138,978.7,13.039978137508626,5.886591210975592
2024-06-19,234.73,222.3348497757487,982.3,12.395150224251296,5.574992061187569
2024-06-20,237.86,223.03650714549806,985.4,14.82349285450195,6.646218165904037
2024-06-21,236.4,225.50362499397173,996.3,10.89637500602828,4.832017669924182
2024-06-24,239.74,226.34108701593067,1000.0,13.39891298406934,5.919788210227283
2024-06-25,241.61,223.51182342823154,987.5,18.098176571768477,8.097189801495984
2024-06-26,239.34,232.8370762132879,1028.7,6.502923786712103,2.792907337813832
2024-06-27,244.13,227.17854903788964,1003.7,16.951450962110357,7.461730446778729
2024-06-28,240.95,228.3102544729693,1008.7,12.639745527030698,5.536214549893192
2024-07-01,239.8,224.77933351552076,993.1,15.02066648447925,6.682405472762063
2024-07-02,237.16,228.96664362531547,1011.6,8.193356374684527,3.5784061140767127
2024-07-03,241.02,228.96664362531547,1011.6,12.05335637468454,5.264241194192826
2024-07-04,242.67,229.44195990804894,1013.7,13.228040091951044,5.7653099272915505
2024-07-05,242.53,236.1190219750189,1043.2,6.410978024981091,2.7151467812107763
2024-07-08,245.51,229.62303277766168,1014.5,15.886967222338313,6.918716746382003
2024-07-09,243.63,226.22791647242272,999.5,17.402083527577275,7.692279449383779
2024-07-10,239.25,228.03864516855018,1007.5,11.211354831449825,4.916427574441682
2024-07-11,239.83,230.64156766923338,1019.0,9.18843233076663,3.9838579071505023
2024-07-12,241.41,229.71356921246803,1014.9,11.696430787531966,5.091745702106798
2024-07-15,239.13,228.78557075570274,1010.8,10.34442924429726,4.521451772560885
2024-07-16,240.04,229.87200797337923,1015.6,10.167992026620766,4.423327623169451
2024-07-17,241.38,228.4686932338804,1009.4,12.911306766119594,5.651236755183109
2024-07-18,241.94,222.0632404713296,981.1,19.87675952867039,8.950945454313795
2024-07-19,235.09,220.81836449274198,975.6,14.271635507258026,6.463065488254315
2024-07-22,233.67,217.33271175269664,960.2,16.33728824730335,7.517178668388211
2024-07-23,231.0,216.4273474046329,956.2,14.572652595367089,6.733276903367501
2024-07-24,232.51,217.1742729917855,959.5,15.33572700821449,7.061484215855788
2024-07-25,230.33,213.77915668654651,944.5,16.5508433134535,7.742028535420391
2024-07-26,228.99,214.2318388605784,946.5,14.758161139421617,6.888873856432795
2024-07-29,229.43,217.24217531789026,959.8,12.18782468210975,5.610247947607465
2024-07-30,230.64,219.43768386194478,969.5,11.20231613805521,5.105010197383847
2024-07-31,233.0,223.24021412381242,986.3,9.759785876187578,4.3718762385591745
2024-08-01,234.62,219.64139084025913,970.4,14.97860915974087,6.819574899994381
2024-08-02,233.14,218.89446525310657,967.1,14.245534746893412,6.507946525930371
2024-08-05,223.78,207.87165431543073,918.4,15.90834568456927,7.652965353529859
2024-08-06,218.51,208.23380005465623,920.0,10.276199945343762,4.9349336863883355
2024-08-07,220.57,208.68648222868808,922.0,11.883517771311915,5.694435808395783
2024-08-08,221.52,213.2585721864099,942.2,8.261427813590103,3.8739018689334404
2024-08-09,224.96,210.5877473596219,930.4,14.372252640378122,6.8248285195028675
2024-08-12,222.67,214.70715514331184,948.6,7.96284485668815,3.708700276603797
2024-08-13,224.45,214.2318388605784,946.5,10.218161139421596,4.769674383494207
2024-08-14,222.92,210.6103814683235,930.5,12.309618531676477,5.844734929900825
2024-08-15,222.38,217.7174916006237,961.9,4.662508399376293,2.1415405648385377
2024-08-16,228.19,217.89856447023647,962.7,10.291435529763532,4.723039619276278
2024-08-19,227.62,218.41914897037313,965.0,9.200851029626875,4.212474534856328
2024-08-20,228.36,216.4952497307377,956.5,11.864750269262316,5.48037441191846
2024-08-21,226.07,220.47885286221808,974.1,5.591147137781917,2.5359108436925437
2024-08-22,229.01,215.68042181748035,952.9,13.32957818251964,6.18024485959129
2024-08-23,226.43,219.59612262285597,970.2,6.833877377144034,3.112020966272176
2024-08-26,228.79,219.07553812271928,967.9,9.714461877280712,4.434297850195842
2024-08-27,227.04,218.7360264921954,966.4,8.303973507804585,3.7963446812913895
2024-08-28,225.47,212.194769077435,937.5,13.275230922564987,6.256153712121214
2024-08-29,224.28,213.64335203433694,943.9,10.636647965663059,4.978693633281661
2024-08-30,223.37,210.74618612053308,931.1,12.623813879466923,5.990055674007274
2024-09-02,220.79,210.88199077274263,931.7,9.908009227257367,4.698366698337343
2024-09-03,219.0,205.9251209670937,909.8,13.074879032906296,6.349336579967642
2024-09-04,216.32,205.9251209670937,909.8,10.394879032906289,5.047892643737897
2024-09-05,217.51,210.47457681611394,929.9,7.035423183886053,3.3426475018085986
2024-09-06,220.06,209.50131014194545,925.6,10.55868985805455,5.039915908354281
2024-09-09,221.18,214.07340009966723,945.8,7.106599900332782,3.31970244646188
2024-09-10,224.0,213.8244249039497,944.7,10.175575096050295,4.758846002097834
2024-09-11,224.51,216.72159081775362,957.5,7.788409182246369,3.593739392950391
2024-09-12,227.77,222.76489784107898,984.2,5.005102158921034,2.246809173001613
2024-09-13,233.48,226.5221598855434,1000.8,6.957840114456587,3.0715935774108054
2024-09-18,231.76,220.3430482100085,973.5,11.416951789991487,5.181444063127425
2024-09-19,230.8,223.89660327615866,989.2,6.903396723841354,3.083296764143654
2024-09-20,231.5,224.05504203706977,989.9,7.444957962930232,3.322825451836281
2024-09-23,227.83,219.980902470783,971.9,7.849097529217005,3.56808133845141
2024-09-24,226.6,226.45425755943867,1000.5,0.14574244056132102,0.06435844577709793
2024-09-25,229.78,226.63533042905138,1001.3,3.144669570948622,1.3875460480920325
2024-09-26,233.61,231.68273666950665,1023.6,1.9272633304933606,0.8318545258046501
2024-09-27,233.77,229.62303277766168,1014.5,4.146967222338333,1.8059892216273177
2024-09-30,234.05,224.3492854501905,991.2,9.700714549809504,4.323933784920939
2024-10-08,226.98,218.57758773128427,965.7,8.402412268715722,3.84413258281792
2024-10-09,224.45,217.40061407880142,960.5,7.049385921198564,3.242578661090334
2024-10-10,225.76,221.88216760171684,980.3,3.8778323982831466,1.7476989882503478
2024-10-11,229.08,225.50362499397173,996.3,3.576375006028286,1.5859501177082593
2024-10-14,230.16,227.17854903788964,1003.7,2.981450962110358,1.3123822538425938
2024-10-15,232.2,225.41308855916535,995.9,6.786911440834643,3.0108772672502764
2024-10-16,234.46,227.9481087337438,1007.1,6.511891266256214,2.8567428360910285
2024-10-17,237.71,227.42752423360713,1004.8,10.282475766392878,4.521209911176367
2024-10-18,237.64,232.06751651743372,1025.3,5.57248348256627,2.401233729817437
2024-10-21,240.71,229.9172761907824,1015.8,10.79272380921762,4.694176961396305
2024-10-22,239.24,235.71160801839025,1041.4,3.528391981609758,1.4969105727429735
2024-10-23,245.13,233.221856061215,1030.4,11.908143938785003,5.105929667097499
2024-10-24,243.04,234.91941421383447,1037.9,8.12058578616552,3.456753803571887
2024-10-25,239.68,234.21775684408505,1034.8,5.462243155914962,2.3321217099483573
2024-10-28,241.85,236.1642901924221,1043.4,5.685709807577894,2.4075230861301202
2024-10-29,247.11,239.85364991078177,1059.7,7.256350089218245,3.0253240223433684
2024-10-30,247.97,231.18478627807158,1021.4,16.785213721928415,7.260518303197934
2024-10-31,238.86,226.40898934203545,1000.3,12.45101065796456,5.4993446568302335
2024-11-01,234.89,226.7258668638578,1001.7,8.164133136142198,3.6008829733770606
2024-11-04,235.94,224.37191955889207,991.3,11.568080441107924,5.155761230661303
2024-11-05,232.68,228.01601105984855,1007.4,4.663988940151455,2.045465543613634
2024-11-06,234.04,224.9377722764319,993.8,9.102227723568092,4.046553689694289
2024-11-07,233.57,227.2238172552928,1003.9,6.346182744707193,2.7929214557543784
2024-11-08,234.97,221.4068513189834,978.2,13.5631486810166,6.125893846652476
2024-11-11,234.18,219.89036603597665,971.5,14.289633964023352,6.498526616525528
2024-11-12,230.25,215.8614946870931,953.7,14.388505312906887,6.665619235966131
2024-11-13,228.94,213.14540164290193,941.7,15.794598357098067,7.410245886308123
2024-11-14,224.95,213.64335203433694,943.9,11.306647965663046,5.292300395963564
2024-11-15,226.07,214.11866831707042,946.0,11.951331682929577,5.581639273616185
2024-11-18,229.48,220.29777999260534,973.3,9.182220007394648,4.168094661554403
2024-11-19,233.0,221.63319240599932,979.2,11.366807594000676,5.128657612429442
2024-11-20,234.1,218.7812947095986,966.6,15.318705290401397,7.001835010956866
2024-11-21,232.47,219.25661099233204,968.7,13.213389007667956,6.02644953229258
2024-11-22,232.04,219.7771954924687,971.0,12.262804507531285,5.5796528297912085
2024-11-25,230.83,213.73388846914332,944.3,17.09611153085669,7.998783746137125
2024-11-26,226.04,210.9046248814442,931.8,15.1353751185558,7.176407405510357
2024-11-27,226.06,211.10833185975855,932.7,14.951668140241452,7.082462358792167
2024-11-28,225.3,212.12686675133023,937.2,13.173133248669785,6.21002584463393
2024-11-29,227.06,215.4314466217628,951.8,11.6285533782372,5.397797564184619
2024-12-02,227.42,215.25037375215007,951.0,12.16962624784992,5.653707371427206
2024-12-03,229.09,216.63105438294727,957.1,12.458945617052734,5.751227889528971
2024-12-04,230.03,214.70715514331184,948.6,15.322844856688164,7.136625161122616
2024-12-05,228.05,213.8470590126513,944.8,14.202940987348711,6.6416349389721825
2024-12-06,227.45,211.6062822511936,934.9,15.843717748806398,7.48735698215171
2024-12-09,226.74,214.66188692590865,948.4,12.078113074091362,5.626575470409504
2024-12-10,226.19,214.5034481649975,947.7,11.68655183500249,5.448188332158239
2024-12-11,226.91,215.25037375215007,951.0,11.659626247849928,5.416773984920184
2024-12-12,229.01,212.78325590367643,940.1,16.226744096323557,7.625949714609661
2024-12-13,227.06,209.97662642467893,927.7,17.083373575321076,8.135845339647402
2024-12-16,224.37,213.00959699069236,941.1,11.360403009307646,5.333282241646628
2024-12-17,226.28,213.5075473821274,943.3,12.772452617872602,5.982201928914939
2024-12-18,228.16,208.68648222868808,922.0,19.47351777131192,9.331470617235265
2024-12-19,226.0,211.74208690340316,935.5,14.257913096596837,6.7336226373839905
2024-12-20,224.87,212.919060555886,940.7,11.950939444113999,5.612902580404337
2024-12-23,227.3,215.7935923609883,953.4,11.506407639011712,5.332135914287633
2024-12-24,229.09,218.14753966595399,963.8,10.942460334046018,5.016082395796002
2024-12-25,229.0,218.14753966595399,963.8,10.852460334046015,4.97482591399574
2024-12-26,228.39,218.4417830790747,965.1,9.94821692092529,4.5541730985248785
2024-12-27,227.6,211.80998922950795,935.8,15.790010770492046,7.4547998552526655
2024-12-30,224.75,207.57741090231002,917.1,17.17258909768998,8.272860241893918
2024-12-31,223.77,206.06092561930328,910.4,17.709074380696734,8.5940962982056
2025-01-02,223.07,209.41077370713907,925.2,13.659226292860922,6.5226951083058164
2025-01-03,226.2,214.16393653447363,946.2,12.036063465526354,5.62002345506426
2025-01-06,228.27,214.00549777356244,945.5,14.264502226437571,6.6654840061776035
2025-01-07,228.42,220.81836449274198,975.6,7.60163550725801,3.442483384350882
2025-01-08,232.88,222.78753194978057,984.3,10.092468050219424,4.530086563593876
2025-01-09,232.57,222.78753194978057,984.3,9.782468050219421,4.3909405363063705
2025-01-10,234.37,224.6435288633112,992.5,9.726471136688815,4.329735731051073
2025-01-13,235.19,219.64139084025913,970.4,15.548609159740863,7.079088827592182
2025-01-14,234.07,214.8203256868198,949.1,19.24967431318018,8.960825402175262
2025-01-15,229.25,214.70715514331184,948.6,14.542844856688163,6.773339643469807
2025-01-16,230.31,213.03223109939398,941.2,17.27776890060602,8.110401328212523
2025-01-17,228.6,218.3738807529699,964.8,10.226119247030084,4.682849071404346
2025-01-20,229.7,217.74012570932533,962.0,11.959874290674662,5.492728660697401
2025-01-21,229.06,219.16607455752566,968.3,9.893925442474341,4.514350801075935
2025-01-22,229.97,219.8224637098719,971.2,10.147536290128102,4.616241724740705
2025-01-23,229.31,218.91709936180817,967.2,10.392900638191833,4.74741382399522
2025-01-24,230.0,219.7771954924687,971.0,10.222804507531293,4.651440057110752
2025-01-27,228.83,217.64958927451895,961.6,11.180410725481067,5.136885744994144
2025-02-05,235.31,230.61893356053176,1018.9,4.691066439468244,2.0341202550210196
2025-02-06,239.15,231.3884932563859,1022.3,7.761506743614092,3.3543183735649693
2025-02-07,239.79,228.44605912517883,1009.3,11.343940874821158,4.9656977748979925
2025-02-10,238.12,234.3988297136978,1035.6,3.721170286302197,1.587537911706877
2025-02-11,240.2,234.7609754529233,1037.2,5.439024547076684,2.3168350432107374
2025-02-12,239.45,236.6622405838571,1045.6,2.787759416142876,1.1779485435721981
2025-02-13,242.06,237.27336151880013,1048.3,4.786638481199873,2.017351821780722
2025-02-14,242.32,228.8308389731059,1011.0,13.489161026894095,5.894817799658311
2025-02-17,238.11,227.9254746250422,1007.0,10.184525374957815,4.468357647038915
2025-02-18,239.19,228.71766842959795,1010.5,10.472331570402048,4.5787156026494555
2025-02-19,237.16,224.12294436317458,990.2,13.037055636825414,5.816921455261553
2025-02-20,236.02,225.6167955374797,996.8,10.403204462520307,4.611006214203639
2025-02-21,234.82,223.3307505586188,986.7,11.48924944138119,5.144499542782643
2025-02-24,234.82,220.93153503624995,976.1,13.888464963750039,6.2863207651507285
2025-02-25,233.56,221.3615831015802,978.0,12.198416898419794,5.510629589607734
2025-02-26,233.3,220.65992573183084,974.9,12.640074268169172,5.728305321524816
2025-02-27,234.25,215.56725127397237,952.4,18.682748726027626,8.666784317012526
2025-02-28,230.88,214.29974118668315,946.8,16.580258813316846,7.736947661020863
2025-03-03,231.12,219.50558618804956,969.8,11.614413811950442,5.2911700397457855
2025-03-04,232.31,220.04880479688782,972.2,12.26119520311218,5.572034446826312
2025-03-05,233.34,221.15787612326588,977.1,12.182123876734124,5.508338246992489
2025-03-06,233.6,221.7463629495073,979.7,11.853637050492694,5.3455835274249
2025-03-07,234.04,219.36978153584005,969.2,14.670218464159944,6.687438151896578
2025-03-10,233.5,218.14753966595399,963.8,15.352460334046015,7.037650004008757
2025-03-11,232.58,223.0591412541997,985.5,9.520858745800325,4.268311395922703
2025-03-12,236.57,225.54889321137492,996.5,11.021106788625076,4.8863493106554765
2025-03-13,237.39,228.80820486440433,1010.9,8.581795135595655,3.750650087343404
2025-03-14,240.18,229.19298471233142,1012.6,10.987015287668584,4.793783414208246
2025-03-17,239.73,232.22595527834488,1026.0,7.504044721655106,3.2313548727405577
2025-03-18,241.71,231.0716157345636,1020.9,10.6383842654364,4.603933820091913
2025-03-19,239.49,228.49132734258203,1009.5,10.998672657417984,4.813606181615565
2025-03-20,239.0,227.76703586413103,1006.3,11.232964135868968,4.931777811153377
2025-03-21,237.21,224.89250405902874,993.6,12.31749594097127,5.477059358874065
2025-03-24,236.7,221.9953381452248,980.8,14.704661854775196,6.623860652945653
2025-03-25,236.0,223.55709164563476,987.7,12.442908354365244,5.565875035665954
2025-03-26,236.39,222.83280016718376,984.5,13.557199832816224,6.084023457338742
2025-03-27,235.45,227.5180606684135,1005.2,7.931939331586477,3.4862899711274107
2025-03-28,238.53,226.09211182021318,998.9,12.437888179786825,5.501248176971934
2025-03-31,237.66,232.6560033436752,1027.9,5.0039966563248015,2.1508134689879417
2025-04-01,240.19,227.85757229893744,1006.7,12.332427701062556,5.412340514575063
2025-04-02,238.04,227.9254746250422,1007.0,10.114525374957793,4.437645854021843
2025-04-03,237.65,216.06520166540741,954.6,21.58479833459259,9.989946631025855
2025-04-07,228.0,206.87575353256065,914.0,21.12424646743935,10.211078923811415
2025-04-08,227.61,206.35516903242402,911.7,21.254830967575998,10.300120451180113
2025-04-09,229.74,211.58364814249197,934.8,18.156351857508042,8.581169677762889
2025-04-10,233.34,210.67828379442827,930.8,22.661716205571736,10.756550602853858
2025-04-11,232.27,214.5713504911023,948.0,17.698649508897716,8.24837494306195
2025-04-14,232.64,216.4952497307377,956.5,16.14475026926229,7.45732310031839
2025-04-15,233.78,219.52822029675116,969.9,14.251779703248843,6.492003480911815
2025-04-16,235.39,221.02207147105634,976.5,14.36792852894365,6.500675897802896
2025-04-17,236.03,221.08997379716106,976.8,14.940026202838936,6.757441753801851
2025-04-18,237.14,221.08997379716106,976.8,16.05002620283892,7.259499798739862
2025-04-21,236.34,218.758660600897,966.5,17.581339399103,8.036865535201997
2025-04-22,236.43,216.24627453502015,955.4,20.183725464979858,9.333675462562104
2025-04-23,236.27,221.61055829729776,979.1,14.659441702702253,6.6149563519605135
2025-04-24,239.26,221.29368077547545,977.7,17.96631922452454,8.118767405180975
2025-04-25,236.3,220.97680325365312,976.3,15.323196746346895,6.934301031026241
2025-04-28,238.64,225.05094281993985,994.3,13.589057180060138,6.038213841624541
2025-04-29,241.89,222.47065442795827,982.9,19.41934557204172,8.728947025384063
2025-04-30,237.0,219.50558618804956,969.8,17.494413811950437,7.9699173564371355
2025-05-06,237.42,224.50772421110162,991.9,12.91227578889837,5.751372623935704
2025-05-07,239.08,221.45211953638656,978.4,17.62788046361345,7.960131743384389
2025-05-08,237.5,222.10850868873277,981.3,15.391491311267231,6.929717101850056
2025-05-09,239.77,226.29581879852748,999.8,13.474181201472533,5.954233389291509
2025-05-12,240.81,221.27104666677383,977.6,19.538953333226175,8.8303253532538
2025-05-13,238.05,224.25874901538413,990.8,13.791250984615885,6.149704769676481
2025-05-14,240.2,222.24431334094234,981.9,17.955686659057648,8.0792558374765
2025-05-15,236.85,225.09621103734307,994.5,11.753788962656927,5.221673394007949
2025-05-16,239.44,223.87396916745703,989.1,15.566030832542964,6.9530329454692525
2025-05-19,239.32,227.69913353802625,1006.0,11.620866461973748,5.103605921290446
2025-05-20,242.99,240.0799909977977,1060.7,2.9100090022023153,1.212099763128119
2025-05-21,251.71,243.99569180317326,1078.0,7.7143081968267495,3.1616575439576766
2025-05-22,258.5,245.5800794122848,1085.0,12.919920587715211,5.260980702764978
2025-05-23,262.26,246.75705306476766,1090.2,15.50294693523233,6.282676317731509
2025-05-26,259.6,247.09656469529153,1091.7,12.50343530470849,5.060141293395628
2025-05-27,256.67,244.4710080859067,1080.1,12.198991914093313,4.989954436563131
2025-05-28,257.14,243.92778947706853,1077.7,13.212210522931457,5.416443346309883
2025-05-29,256.08,244.71998328162425,1081.2,11.360016718375732,4.642047031076576
2025-05-30,255.7,238.4277010625814,1053.4,17.272298937418583,7.244250085221863
2025-06-03,253.5,243.2940344334239,1074.9,10.205965566576111,4.194909912338569
2025-06-04,256.64,245.8743228254055,1086.3,10.765677174594487,4.37852844936523
2025-06-05,259.42,258.753130676612,1143.2,0.6668693233880276,0.25772415647464253
2025-06-06,277.93,266.1544842220329,1175.9,11.775515777967087,4.4243161306813255
2025-06-09,290.67,277.35836802932147,1225.4,13.311631970678548,4.7994340553919335
2025-06-10,289.52,276.09085794203224,1219.8,13.429142057967738,4.864029963928507
2025-06-11,303.53,281.09299596508436,1241.9,22.437004034915617,7.982057310920192
2025-06-12,302.26,292.54585496809045,1292.5,9.714145031909538,3.3205546641462793
2025-06-13,305.97,274.2574951372032,1211.7,31.712504862796834,11.563040363557603
2025-06-16,306.8,280.9571913128748,1241.3,25.842808687125228,9.19813035087847
2025-06-17,298.02,286.1404022055396,1264.2,11.87959779446038,4.151667399253553
2025-06-18,300.1,298.83813718713327,1320.3,1.2618628128667524,0.42225628386800257
2025-06-19,314.08,296.05414181683733,1308.0,18.025858183162654,6.088703259660824
2025-06-20,304.69,286.88732779269213,1267.5,17.802672207307864,6.20545785144343
2025-06-23,301.52,295.21667979487836,1304.3,6.303320205121622,2.135150429000583
2025-06-24,306.64,301.3731573617117,1331.5,5.266842638288267,1.7476150445498828
2025-06-25,312.73,308.6613403636247,1363.7,4.068659636375344,1.3181630169758798
2025-06-26,327.37,322.80765830212033,1426.2,4.562341697879674,1.413331307527318
2025-06-27,328.31,305.9678814281351,1351.8,22.342118571864887,7.302112387607764
2025-06-30,324.09,308.91031555934217,1364.8,15.179684440657809,4.913945464453668
2025-07-01,319.05,309.362997733374,1366.8,9.687002266625996,3.1312737262052215
2025-07-02,321.96,324.95789862877166,1435.7,-2.9978986287716793,-0.922549856895907
2025-07-03,333.23,313.45977140836237,1384.9,19.770228591637647,6.3071023445244
2025-07-04,327.49,318.4619094314145,1407.0,9.028090568585526,2.8349043641371057
2025-07-07,321.16,312.66757760380665,1381.4,8.492422396193376,2.7161186526843717
2025-07-08,327.37,314.7951838217564,1390.8,12.574816178243623,3.9946024667784457
2025-07-09,320.9,313.1202597778385,1383.4,7.779740222161479,2.4845853882726305
2025-07-10,323.23,320.2273699101387,1414.8,3.002630089861327,0.9376556696899195
2025-07-11,322.54,333.3098847396595,1472.6,-10.76988473965946,-3.2311927226735455
2025-07-14,332.58,320.7932226276785,1417.3,11.786777372321467,3.674260096823032
2025-07-15,327.4,319.54834664909094,1411.8,7.851653350909032,2.4571096778451658
2025-07-16,330.03,325.3200443679972,1437.3,4.709955632002789,1.4477914022029816
2025-07-17,336.58,335.73173437072995,1483.3,0.8482656292700312,0.2526617362698691
2025-07-18,348.24,329.55262269519505,1456.0,18.687377304804954,5.670529080294714
2025-07-21,342.02,337.88197469738134,1492.8,4.138025302618644,1.2246954891052713
2025-07-22,345.29,335.3016863053997,1481.4,9.988313694600322,2.9789035076616823
2025-07-23,343.24,329.2583792820744,1454.7,13.981620717925637,4.24639784366661
2025-07-24,335.16,327.7645281077692,1448.1,7.39547189223083,2.2563368693146666
2025-07-25,332.91,324.36941180253024,1433.1,8.540588197469788,2.632981991122249
2025-07-28,337.07,322.4455125628948,1424.6,14.624487437105188,4.535491072852999
2025-07-29,330.27,320.68005208417054,1416.8,9.589947915829441,2.9905034171917615
2025-07-30,330.86,297.84223640426325,1315.9,33.01776359573677,11.08565527654766
2025-07-31,316.74,293.2927805552429,1295.8,23.44721944475708,7.994475486361553
2025-08-01,309.92,301.078913948591,1330.2,8.841086051409036,2.936468029414589
2025-08-04,314.56,303.70447055797575,1341.8,10.855529442024249,3.57437262022522
2025-08-05,317.36,301.4863279052197,1332.0,15.873672094780318,5.2651382917007865
2025-08-06,316.17,306.6016364717797,1354.6,9.568363528220289,3.1207803188294405
2025-08-07,317.88,307.0543186458116,1356.6,10.825681354188418,3.5256567639017273
2025-08-08,318.32,303.61393412316943,1341.4,14.706065876830564,4.84367290957886
2025-08-11,315.91,303.65920234057256,1341.6,12.250797659427462,4.034390384022492
2025-08-12,317.64,306.03578375423984,1352.1,11.604216245760142,3.7917841186437324
2025-08-13,317.87,305.2662240583857,1348.7,12.603775941614288,4.128781682445048
2025-08-14,319.09,308.865047341939,1364.6,10.224952658061,3.3104919919090543
2025-08-15,323.87,304.47403025383,1345.2,19.39596974617001,6.3703199021605315
2025-08-18,318.18,302.8217403186137,1337.9,15.3582596813863,5.071716338868906
2025-08-19,316.54,296.95950616490103,1312.0,19.58049383509899,6.593657865333996
2025-08-20,313.6,304.1571527320076,1343.8,9.44284726799242,3.104594839600073
2025-08-21,317.91,307.34856205893226,1357.9,10.561437941067766,3.4363062805033304
2025-08-22,320.7,308.6160721462215,1363.5,12.083927853778505,3.91552123962396
2025-08-25,322.67,302.5048627967914,1336.5,20.165137203208644,6.666053899687108
2025-08-26,318.4,306.46583181957016,1354.0,11.934168180429822,3.8941268295957996
2025-08-27,321.36,304.9040783191602,1347.1,16.455921680839822,5.39708152529678
2025-08-28,320.32,308.79714501583425,1364.3,11.522854984165747,3.7315289892252363
2025-08-29,320.29,310.0420209944218,1369.8,10.247979005578202,3.3053516335331143
2025-09-01,326.29,322.1512691497741,1423.3,4.1387308502258975,1.284716605695483
2025-09-02,335.66,321.08746604079926,1418.6,14.572533959200769,4.538493557188277
2025-09-03,329.57,326.5875544552864,1442.9,2.9824455447135847,0.9132146966494145
2025-09-04,332.65,312.4865047341939,1380.6,20.16349526580609,6.452597139501269
2025-09-05,327.83,312.87128458212095,1382.3,14.958715417879034,4.781108447794525
2025-09-08,330.28,314.2519652129182,1388.4,16.028034787081765,5.100376946321444
2025-09-09,329.3,311.5585062774286,1376.5,17.74149372257142,5.6944340677938134
2025-09-10,327.43,316.651180735287,1399.0,10.778819264712979,3.40400412835467
2025-09-11,326.58,315.13469545228025,1392.3,11.44530454771973,3.631877007796132
2025-09-12,329.6,317.4207404311412,1402.4,12.17925956885881,3.8369451070891456
2025-09-15,331.48,320.7253203015738,1417.0,10.75467969842623,3.3532368720728836
2025-09-16,331.16,317.98659314868104,1404.9,13.173406851318987,4.142755429050273
2025-09-17,327.85,309.8835822335107,1369.1,17.966417766489315,5.797795945495054
2025-09-18,324.14,316.3343032134647,1397.6,7.805696786535293,2.4675467400283657
2025-09-19,326.69,321.17800247560564,1419.0,5.51199752439436,1.716181519876353
2025-09-22,334.45,326.76862732489917,1443.7,7.681372675100818,2.350706901695122
2025-09-23,333.98,341.09601813300753,1507.0,-7.116018133007515,-2.0862214023948775
2025-09-24,350.25,340.82440882858845,1505.8,9.425591171411554,2.76552703599113
2025-09-25,348.82,354.4501422669474,1566.0,-5.630142266947416,-1.5884158575699432
2025-09-26,366.55,364.5902229652611,1610.8,1.95977703473892,0.5375286859860889
2025-09-29,379.69,370.99567572781194,1639.1,8.694324272188055,2.3435109466253756
2025-09-30,376.11,365.92563537865516,1616.7,10.184364621344855,2.7831787764216642
2025-10-09,389.51,376.3599594900895,1662.8,13.150040509910468,3.4940062507517466
2025-10-10,376.79,366.83099972671886,1620.7,9.959000273281163,2.714874228377755
2025-10-13,386.37,380.88678123040813,1682.8,5.483218769591872,1.4395928238514881
2025-10-14,387.07,376.74473933801664,1664.5,10.32526066198335,2.740651582853156
2025-10-15,389.56,383.89711768772,1696.1,5.662882312279976,1.475104149358691
2025-10-16,391.32,396.6174867780153,1752.3,-5.297486778015298,-1.3356664682261659
2025-10-17,398.79,368.8454354011606,1629.6,29.944564598839406,8.118458770208543
2025-10-20,412.5,373.7117687720031,1651.1,38.7882312279969,10.379183763854416
2025-10-21,405.0,348.06732361309815,1537.8,56.932676386901846,16.35680011439011
2025-10-22,385.0,357.05306476763064,1577.5,27.946935232369356,7.827109746434234
2025-10-23,404.89,361.0140337904094,1595.0,43.87596620959056,12.15353479445711
2025-10-24,396.2,360.9008632469015,1594.5,35.29913675309848,9.780840210667337
2025-10-27,388.51,357.9584291156944,1581.5,30.55157088430559,8.534949424093917
2025-10-28,374.0,358.8864275724597,1585.6,15.113572427540305,4.2112410128657904
2025-10-29,416.89,358.41111128972625,1583.5,58.478888710273736,16.316148374931817
2025-10-30,388.57,364.43178420435,1610.1,24.138215795650012,6.623521010482129
2025-10-31,387.56,355.6950182455351,1571.5,31.864981754464907,8.958512242212123
2025-11-03,423.95,357.3246740720498,1578.7,66.6253259279502,18.645599020266953
2025-11-04,413.52,348.4294693523237,1539.4,65.0905306476763,18.68112096507494
2025-11-05,408.31,353.92955776681083,1563.7,54.38044223318917,15.364764270131442
2025-11-06,413.79,348.06732361309815,1537.8,65.72267638690187,18.88217362798392
2025-11-07,409.95,351.75668333145785,1554.1,58.19331666854214,16.5436278615656
2025-11-10,415.9,361.3082772035301,1596.3,54.59172279646987,15.109458111228813
2025-11-11,419.52,361.9646663558764,1599.2,57.55533364412361,15.900815464550444
2025-11-12,418.93,369.84133618403075,1634.0,49.088663815969255,13.272898135849001
2025-11-13,426.34,361.55725239924766,1597.4,64.78274760075232,17.917701047583
2025-11-14,419.97,352.70731589692474,1558.3,67.26268410307529,19.07039663524647
2025-11-17,407.63,350.1270275049432,1546.9,57.50297249505678,16.423460052436237
2025-11-18,400.25,350.17229572234635,1547.1,50.07770427765365,14.30087556594156
2025-11-19,408.75,350.7607825485878,1549.7,57.98921745141217,16.53241192760181
2025-11-20,411.0,343.4725995466748,1517.5,67.52740045332519,19.66020012730268
2025-11-21,399.32,344.7627437426656,1523.2,54.557256257334416,15.824580018442047
2025-11-24,405.63,352.7752182230295,1558.6,52.85478177697047,14.982566531517222
2025-11-25,410.57,354.1785329625283,1564.8,56.39146703747167,15.921763119233944
2025-11-26,409.63,361.8062275949652,1598.5,47.82377240503479,13.218062254741655
2025-11-27,429.25,368.324850901024,1627.3,60.92514909897602,16.54114539106887
2025-11-28,432.36,381.0678541000209,1683.6,51.29214589997912,13.460108310924646
2025-12-01,441.98,378.1254199688138,1670.6,63.85458003118623,16.887142905243632
2025-12-02,430.94,374.23235327213985,1653.4,56.70764672786015,15.153058315784538
2025-12-03,432.22,380.97731766521457,1683.2,51.24268233478546,13.450323669876635
2025-12-04,434.2,375.8167408812513,1660.4,58.3832591187487,15.53503417166729
2025-12-05,435.32,374.5944990113653,1655.0,60.72550098863468,16.210996463883536
2025-12-08,435.3,376.06571607696884,1661.5,59.23428392303117,15.751045998276474
2025-12-09,431.08,386.5000401884032,1707.6,44.57995981159678,11.534270420739373
2025-12-10,438.26,378.2838587297249,1671.3,59.97614127027509,15.854797894806996
2025-12-11,436.11,387.76755027569243,1713.2,48.342449724307585,12.466863121975367
2025-12-12,445.54,399.19777516999693,1763.7,46.34222483000309,11.60883845363828
2025-12-15,466.85,410.8090729339142,1815.0,56.04092706608583,13.641599165727527
2025-12-16,471.32,424.1631970678541,1874.0,47.156802932145865,11.117608330503533
2025-12-17,497.89,436.906200266851,1930.3,60.983799733149,13.958098945700856
2025-12-18,511.65,451.52783448808015,1994.9,60.12216551191983,13.315273371814024
2025-12-22,533.57,492.9029851945922,2177.7,40.66701480540786,8.250510957922685
2025-12-23,561.61,530.3398009870272,2343.1,31.270199012972853,5.896257258982862
